city,state,period,pollutant,mean,days_with_data
Agartala,Tripura,FY2024-25,CO,0.7,306
Agartala,Tripura,FY2024-25,NO2,9.5,306
Agartala,Tripura,FY2024-25,O3,45.3,306
Agartala,Tripura,FY2024-25,PM10,95.7,306
Agartala,Tripura,FY2024-25,PM2.5,46.046,306
Agartala,Tripura,FY2025-26,CO,0.3,294
Agartala,Tripura,FY2025-26,NO2,7.2,294
Agartala,Tripura,FY2025-26,O3,33.5,294
Agartala,Tripura,FY2025-26,PM10,49.8,294
Agartala,Tripura,FY2025-26,PM2.5,22.991,294
Agra,Uttar Pradesh,FY2024-25,CO,0.5,364
Agra,Uttar Pradesh,FY2024-25,NO2,18.7,364
Agra,Uttar Pradesh,FY2024-25,O3,26.0,364
Agra,Uttar Pradesh,FY2024-25,PM10,75.5,364
Agra,Uttar Pradesh,FY2024-25,PM2.5,31.414,364
Agra,Uttar Pradesh,FY2025-26,CO,0.6,365
Agra,Uttar Pradesh,FY2025-26,NO2,18.9,365
Agra,Uttar Pradesh,FY2025-26,O3,21.9,365
Agra,Uttar Pradesh,FY2025-26,PM10,111.8,365
Agra,Uttar Pradesh,FY2025-26,PM2.5,43.463,365
Ahmedabad,Gujarat,FY2024-25,CO,1.1,364
Ahmedabad,Gujarat,FY2024-25,NO2,31.2,364
Ahmedabad,Gujarat,FY2024-25,O3,52.6,364
Ahmedabad,Gujarat,FY2024-25,PM10,106.6,364
Ahmedabad,Gujarat,FY2024-25,PM2.5,53.844,364
Ahmedabad,Gujarat,FY2025-26,CO,1.1,365
Ahmedabad,Gujarat,FY2025-26,NO2,34.4,365
Ahmedabad,Gujarat,FY2025-26,O3,45.1,365
Ahmedabad,Gujarat,FY2025-26,PM10,105.2,365
Ahmedabad,Gujarat,FY2025-26,PM2.5,45.216,365
Ahmednagar,Maharashtra,FY2024-25,CO,1.3,297
Ahmednagar,Maharashtra,FY2024-25,NO2,28.7,297
Ahmednagar,Maharashtra,FY2024-25,O3,86.4,297
Ahmednagar,Maharashtra,FY2024-25,PM10,109.4,297
Ahmednagar,Maharashtra,FY2024-25,PM2.5,44.697,297
Ahmednagar,Maharashtra,FY2025-26,CO,1.2,345
Ahmednagar,Maharashtra,FY2025-26,NO2,18.3,345
Ahmednagar,Maharashtra,FY2025-26,O3,57.8,345
Ahmednagar,Maharashtra,FY2025-26,PM10,78.3,345
Ahmednagar,Maharashtra,FY2025-26,PM2.5,30.848,345
Aizawl,Mizoram,FY2024-25,CO,0.0,350
Aizawl,Mizoram,FY2024-25,NO2,0.5,350
Aizawl,Mizoram,FY2024-25,O3,18.8,350
Aizawl,Mizoram,FY2024-25,PM10,47.4,350
Aizawl,Mizoram,FY2024-25,PM2.5,8.876,350
Aizawl,Mizoram,FY2025-26,CO,0.0,220
Aizawl,Mizoram,FY2025-26,NO2,0.0,220
Aizawl,Mizoram,FY2025-26,O3,3.7,220
Aizawl,Mizoram,FY2025-26,PM10,39.9,220
Aizawl,Mizoram,FY2025-26,PM2.5,16.508,220
Ajmer,Rajasthan,FY2024-25,CO,0.9,358
Ajmer,Rajasthan,FY2024-25,NO2,20.4,358
Ajmer,Rajasthan,FY2024-25,O3,54.9,358
Ajmer,Rajasthan,FY2024-25,PM10,86.3,358
Ajmer,Rajasthan,FY2024-25,PM2.5,40.09,358
Ajmer,Rajasthan,FY2025-26,CO,1.0,359
Ajmer,Rajasthan,FY2025-26,NO2,20.9,359
Ajmer,Rajasthan,FY2025-26,O3,38.0,359
Ajmer,Rajasthan,FY2025-26,PM10,99.5,359
Ajmer,Rajasthan,FY2025-26,PM2.5,42.466,359
Akola,Maharashtra,FY2024-25,CO,1.1,364
Akola,Maharashtra,FY2024-25,NO2,17.0,364
Akola,Maharashtra,FY2024-25,O3,53.4,364
Akola,Maharashtra,FY2024-25,PM10,89.0,364
Akola,Maharashtra,FY2024-25,PM2.5,35.055,364
Akola,Maharashtra,FY2025-26,CO,0.7,357
Akola,Maharashtra,FY2025-26,NO2,20.0,357
Akola,Maharashtra,FY2025-26,O3,46.5,357
Akola,Maharashtra,FY2025-26,PM10,72.3,357
Akola,Maharashtra,FY2025-26,PM2.5,31.685,357
Alwar,Rajasthan,FY2024-25,CO,1.3,359
Alwar,Rajasthan,FY2024-25,NO2,40.2,359
Alwar,Rajasthan,FY2024-25,O3,42.1,359
Alwar,Rajasthan,FY2024-25,PM10,84.5,359
Alwar,Rajasthan,FY2024-25,PM2.5,37.86,359
Alwar,Rajasthan,FY2025-26,CO,1.3,350
Alwar,Rajasthan,FY2025-26,NO2,41.1,350
Alwar,Rajasthan,FY2025-26,O3,50.1,350
Alwar,Rajasthan,FY2025-26,PM10,90.6,350
Alwar,Rajasthan,FY2025-26,PM2.5,37.757,350
Amaravati,Andhra Pradesh,FY2024-25,CO,1.0,351
Amaravati,Andhra Pradesh,FY2024-25,NO2,9.3,351
Amaravati,Andhra Pradesh,FY2024-25,O3,43.3,351
Amaravati,Andhra Pradesh,FY2024-25,PM10,57.5,351
Amaravati,Andhra Pradesh,FY2024-25,PM2.5,25.214,351
Amaravati,Andhra Pradesh,FY2025-26,CO,0.7,347
Amaravati,Andhra Pradesh,FY2025-26,NO2,23.2,347
Amaravati,Andhra Pradesh,FY2025-26,O3,38.8,347
Amaravati,Andhra Pradesh,FY2025-26,PM10,86.1,347
Amaravati,Andhra Pradesh,FY2025-26,PM2.5,33.879,347
Amravati,Maharashtra,FY2024-25,CO,0.7,363
Amravati,Maharashtra,FY2024-25,NO2,12.9,363
Amravati,Maharashtra,FY2024-25,O3,58.0,363
Amravati,Maharashtra,FY2024-25,PM10,82.1,363
Amravati,Maharashtra,FY2024-25,PM2.5,34.732,363
Amravati,Maharashtra,FY2025-26,CO,0.8,364
Amravati,Maharashtra,FY2025-26,NO2,11.1,364
Amravati,Maharashtra,FY2025-26,O3,56.7,364
Amravati,Maharashtra,FY2025-26,PM10,78.7,364
Amravati,Maharashtra,FY2025-26,PM2.5,33.066,364
Amritsar,Punjab,FY2024-25,CO,1.2,345
Amritsar,Punjab,FY2024-25,NO2,21.2,345
Amritsar,Punjab,FY2024-25,O3,51.3,345
Amritsar,Punjab,FY2024-25,PM10,114.3,345
Amritsar,Punjab,FY2024-25,PM2.5,54.203,345
Amritsar,Punjab,FY2025-26,CO,1.2,340
Amritsar,Punjab,FY2025-26,NO2,21.9,340
Amritsar,Punjab,FY2025-26,O3,42.2,340
Amritsar,Punjab,FY2025-26,PM10,89.2,340
Amritsar,Punjab,FY2025-26,PM2.5,46.948,340
Anantapur,Andhra Pradesh,FY2024-25,CO,0.6,278
Anantapur,Andhra Pradesh,FY2024-25,NO2,17.9,278
Anantapur,Andhra Pradesh,FY2024-25,O3,30.6,278
Anantapur,Andhra Pradesh,FY2024-25,PM10,63.0,278
Anantapur,Andhra Pradesh,FY2024-25,PM2.5,28.92,278
Anantapur,Andhra Pradesh,FY2025-26,CO,0.8,314
Anantapur,Andhra Pradesh,FY2025-26,NO2,17.8,314
Anantapur,Andhra Pradesh,FY2025-26,O3,30.3,314
Anantapur,Andhra Pradesh,FY2025-26,PM10,68.1,314
Anantapur,Andhra Pradesh,FY2025-26,PM2.5,41.784,314
Angul,Odisha,FY2024-25,CO,1.6,331
Angul,Odisha,FY2024-25,NO2,17.4,331
Angul,Odisha,FY2024-25,O3,67.6,331
Angul,Odisha,FY2024-25,PM10,122.4,331
Angul,Odisha,FY2024-25,PM2.5,61.937,331
Angul,Odisha,FY2025-26,CO,1.6,352
Angul,Odisha,FY2025-26,NO2,17.9,352
Angul,Odisha,FY2025-26,O3,72.6,352
Angul,Odisha,FY2025-26,PM10,114.5,352
Angul,Odisha,FY2025-26,PM2.5,55.448,352
Ankleshwar,Gujarat,FY2024-25,CO,1.5,314
Ankleshwar,Gujarat,FY2024-25,NO2,33.7,314
Ankleshwar,Gujarat,FY2024-25,O3,34.8,314
Ankleshwar,Gujarat,FY2024-25,PM10,77.4,314
Ankleshwar,Gujarat,FY2024-25,PM2.5,43.975,314
Ankleshwar,Gujarat,FY2025-26,CO,1.2,316
Ankleshwar,Gujarat,FY2025-26,NO2,29.3,316
Ankleshwar,Gujarat,FY2025-26,O3,51.1,316
Ankleshwar,Gujarat,FY2025-26,PM10,90.0,316
Ankleshwar,Gujarat,FY2025-26,PM2.5,41.558,316
Araria,Bihar,FY2024-25,CO,1.0,235
Araria,Bihar,FY2024-25,NO2,10.2,235
Araria,Bihar,FY2024-25,O3,21.2,235
Araria,Bihar,FY2024-25,PM10,137.1,235
Araria,Bihar,FY2024-25,PM2.5,58.444,235
Araria,Bihar,FY2025-26,CO,0.9,297
Araria,Bihar,FY2025-26,NO2,15.0,297
Araria,Bihar,FY2025-26,O3,10.1,297
Araria,Bihar,FY2025-26,PM10,77.2,297
Araria,Bihar,FY2025-26,PM2.5,49.771,297
Ariyalur,Tamil Nadu,FY2024-25,NO2,11.6,289
Ariyalur,Tamil Nadu,FY2024-25,O3,22.1,289
Ariyalur,Tamil Nadu,FY2024-25,PM10,44.0,289
Ariyalur,Tamil Nadu,FY2024-25,PM2.5,20.567,289
Ariyalur,Tamil Nadu,FY2025-26,NO2,7.4,215
Ariyalur,Tamil Nadu,FY2025-26,O3,16.1,215
Ariyalur,Tamil Nadu,FY2025-26,PM10,48.9,215
Ariyalur,Tamil Nadu,FY2025-26,PM2.5,25.139,215
Arrah,Bihar,FY2024-25,CO,0.0,241
Arrah,Bihar,FY2024-25,NO2,6.8,241
Arrah,Bihar,FY2024-25,O3,50.8,241
Arrah,Bihar,FY2024-25,PM10,98.8,241
Arrah,Bihar,FY2024-25,PM2.5,39.647,241
Arrah,Bihar,FY2025-26,CO,0.6,273
Arrah,Bihar,FY2025-26,NO2,5.8,273
Arrah,Bihar,FY2025-26,O3,15.5,273
Arrah,Bihar,FY2025-26,PM10,64.3,273
Arrah,Bihar,FY2025-26,PM2.5,32.949,273
Asansol,West Bengal,FY2024-25,CO,1.2,364
Asansol,West Bengal,FY2024-25,NO2,28.2,364
Asansol,West Bengal,FY2024-25,O3,53.9,364
Asansol,West Bengal,FY2024-25,PM10,137.9,364
Asansol,West Bengal,FY2024-25,PM2.5,72.658,364
Asansol,West Bengal,FY2025-26,CO,1.2,365
Asansol,West Bengal,FY2025-26,NO2,17.2,365
Asansol,West Bengal,FY2025-26,O3,41.1,365
Asansol,West Bengal,FY2025-26,PM10,85.1,365
Asansol,West Bengal,FY2025-26,PM2.5,47.863,365
Aurangabad (Bihar),Bihar,FY2024-25,CO,0.8,271
Aurangabad (Bihar),Bihar,FY2024-25,NO2,5.7,271
Aurangabad (Bihar),Bihar,FY2024-25,O3,57.8,271
Aurangabad (Bihar),Bihar,FY2024-25,PM10,134.0,271
Aurangabad (Bihar),Bihar,FY2024-25,PM2.5,53.245,271
Aurangabad (Bihar),Bihar,FY2025-26,CO,1.4,283
Aurangabad (Bihar),Bihar,FY2025-26,NO2,5.8,283
Aurangabad (Bihar),Bihar,FY2025-26,O3,32.8,283
Aurangabad (Bihar),Bihar,FY2025-26,PM10,102.3,283
Aurangabad (Bihar),Bihar,FY2025-26,PM2.5,45.501,283
Aurangabad (Maharashtra),Maharashtra,FY2024-25,CO,1.1,363
Aurangabad (Maharashtra),Maharashtra,FY2024-25,NO2,23.5,363
Aurangabad (Maharashtra),Maharashtra,FY2024-25,O3,65.7,363
Aurangabad (Maharashtra),Maharashtra,FY2024-25,PM10,88.1,363
Aurangabad (Maharashtra),Maharashtra,FY2024-25,PM2.5,43.061,363
Aurangabad (Maharashtra),Maharashtra,FY2025-26,CO,0.9,365
Aurangabad (Maharashtra),Maharashtra,FY2025-26,NO2,21.1,365
Aurangabad (Maharashtra),Maharashtra,FY2025-26,O3,60.1,365
Aurangabad (Maharashtra),Maharashtra,FY2025-26,PM10,75.5,365
Aurangabad (Maharashtra),Maharashtra,FY2025-26,PM2.5,39.077,365
Baddi,Himachal Pradesh,FY2024-25,CO,1.0,360
Baddi,Himachal Pradesh,FY2024-25,NO2,21.1,360
Baddi,Himachal Pradesh,FY2024-25,O3,103.4,360
Baddi,Himachal Pradesh,FY2024-25,PM10,133.6,360
Baddi,Himachal Pradesh,FY2024-25,PM2.5,59.877,360
Baddi,Himachal Pradesh,FY2025-26,CO,1.3,362
Baddi,Himachal Pradesh,FY2025-26,NO2,24.6,362
Baddi,Himachal Pradesh,FY2025-26,O3,90.1,362
Baddi,Himachal Pradesh,FY2025-26,PM10,151.5,362
Baddi,Himachal Pradesh,FY2025-26,PM2.5,61.451,362
Badlapur,Maharashtra,FY2024-25,CO,1.1,334
Badlapur,Maharashtra,FY2024-25,NO2,24.9,334
Badlapur,Maharashtra,FY2024-25,O3,61.9,334
Badlapur,Maharashtra,FY2024-25,PM10,102.6,334
Badlapur,Maharashtra,FY2024-25,PM2.5,45.841,334
Badlapur,Maharashtra,FY2025-26,CO,0.9,345
Badlapur,Maharashtra,FY2025-26,NO2,25.9,345
Badlapur,Maharashtra,FY2025-26,O3,56.4,345
Badlapur,Maharashtra,FY2025-26,PM10,95.7,345
Badlapur,Maharashtra,FY2025-26,PM2.5,40.268,345
Bagalkot,Karnataka,FY2024-25,CO,0.9,300
Bagalkot,Karnataka,FY2024-25,NO2,7.5,300
Bagalkot,Karnataka,FY2024-25,O3,21.5,300
Bagalkot,Karnataka,FY2024-25,PM10,46.4,300
Bagalkot,Karnataka,FY2024-25,PM2.5,22.67,300
Bagalkot,Karnataka,FY2025-26,CO,0.6,298
Bagalkot,Karnataka,FY2025-26,NO2,7.9,298
Bagalkot,Karnataka,FY2025-26,O3,14.7,298
Bagalkot,Karnataka,FY2025-26,PM10,47.3,298
Bagalkot,Karnataka,FY2025-26,PM2.5,20.661,298
Baghpat,Uttar Pradesh,FY2024-25,CO,1.4,336
Baghpat,Uttar Pradesh,FY2024-25,NO2,21.9,336
Baghpat,Uttar Pradesh,FY2024-25,O3,52.2,336
Baghpat,Uttar Pradesh,FY2024-25,PM10,162.3,336
Baghpat,Uttar Pradesh,FY2024-25,PM2.5,41.409,336
Baghpat,Uttar Pradesh,FY2025-26,CO,1.1,292
Baghpat,Uttar Pradesh,FY2025-26,NO2,34.3,292
Baghpat,Uttar Pradesh,FY2025-26,O3,56.4,292
Baghpat,Uttar Pradesh,FY2025-26,PM10,166.0,292
Baghpat,Uttar Pradesh,FY2025-26,PM2.5,74.884,292
Balasore,Odisha,FY2024-25,CO,1.8,342
Balasore,Odisha,FY2024-25,NO2,13.1,342
Balasore,Odisha,FY2024-25,O3,75.3,342
Balasore,Odisha,FY2024-25,PM10,99.4,342
Balasore,Odisha,FY2024-25,PM2.5,45.603,342
Balasore,Odisha,FY2025-26,CO,1.1,352
Balasore,Odisha,FY2025-26,NO2,12.5,352
Balasore,Odisha,FY2025-26,O3,63.2,352
Balasore,Odisha,FY2025-26,PM10,96.1,352
Balasore,Odisha,FY2025-26,PM2.5,49.349,352
Banswara,Rajasthan,FY2024-25,CO,1.0,349
Banswara,Rajasthan,FY2024-25,NO2,21.0,349
Banswara,Rajasthan,FY2024-25,O3,82.6,349
Banswara,Rajasthan,FY2024-25,PM10,101.0,349
Banswara,Rajasthan,FY2024-25,PM2.5,44.707,349
Banswara,Rajasthan,FY2025-26,CO,0.7,343
Banswara,Rajasthan,FY2025-26,NO2,20.1,343
Banswara,Rajasthan,FY2025-26,O3,72.4,343
Banswara,Rajasthan,FY2025-26,PM10,96.1,343
Banswara,Rajasthan,FY2025-26,PM2.5,36.016,343
Baran,Rajasthan,FY2024-25,CO,0.7,345
Baran,Rajasthan,FY2024-25,NO2,18.4,345
Baran,Rajasthan,FY2024-25,O3,83.9,345
Baran,Rajasthan,FY2024-25,PM10,95.6,345
Baran,Rajasthan,FY2024-25,PM2.5,34.821,345
Baran,Rajasthan,FY2025-26,CO,0.7,355
Baran,Rajasthan,FY2025-26,NO2,16.1,355
Baran,Rajasthan,FY2025-26,O3,88.8,355
Baran,Rajasthan,FY2025-26,PM10,93.8,355
Baran,Rajasthan,FY2025-26,PM2.5,31.701,355
Barbil,Odisha,FY2024-25,CO,1.1,346
Barbil,Odisha,FY2024-25,NO2,9.4,346
Barbil,Odisha,FY2024-25,O3,56.1,346
Barbil,Odisha,FY2024-25,PM10,129.6,346
Barbil,Odisha,FY2024-25,PM2.5,49.995,346
Barbil,Odisha,FY2025-26,CO,1.2,357
Barbil,Odisha,FY2025-26,NO2,20.5,357
Barbil,Odisha,FY2025-26,O3,65.6,357
Barbil,Odisha,FY2025-26,PM10,108.2,357
Barbil,Odisha,FY2025-26,PM2.5,46.91,357
Bareilly,Uttar Pradesh,FY2024-25,CO,0.8,362
Bareilly,Uttar Pradesh,FY2024-25,NO2,2.0,362
Bareilly,Uttar Pradesh,FY2024-25,O3,13.4,362
Bareilly,Uttar Pradesh,FY2024-25,PM10,45.6,362
Bareilly,Uttar Pradesh,FY2024-25,PM2.5,17.69,362
Bareilly,Uttar Pradesh,FY2025-26,CO,0.9,351
Bareilly,Uttar Pradesh,FY2025-26,NO2,4.3,351
Bareilly,Uttar Pradesh,FY2025-26,O3,19.0,351
Bareilly,Uttar Pradesh,FY2025-26,PM10,61.0,351
Bareilly,Uttar Pradesh,FY2025-26,PM2.5,22.619,351
Baripada,Odisha,FY2024-25,CO,1.2,329
Baripada,Odisha,FY2024-25,NO2,14.6,329
Baripada,Odisha,FY2024-25,O3,79.2,329
Baripada,Odisha,FY2024-25,PM10,94.2,329
Baripada,Odisha,FY2024-25,PM2.5,44.036,329
Baripada,Odisha,FY2025-26,CO,1.3,328
Baripada,Odisha,FY2025-26,NO2,13.8,328
Baripada,Odisha,FY2025-26,O3,49.4,328
Baripada,Odisha,FY2025-26,PM10,82.9,328
Baripada,Odisha,FY2025-26,PM2.5,43.66,328
Barmer,Rajasthan,FY2024-25,CO,0.9,354
Barmer,Rajasthan,FY2024-25,NO2,13.9,354
Barmer,Rajasthan,FY2024-25,O3,73.7,354
Barmer,Rajasthan,FY2024-25,PM10,103.9,354
Barmer,Rajasthan,FY2024-25,PM2.5,27.91,354
Barmer,Rajasthan,FY2025-26,CO,0.6,363
Barmer,Rajasthan,FY2025-26,NO2,13.5,363
Barmer,Rajasthan,FY2025-26,O3,76.2,363
Barmer,Rajasthan,FY2025-26,PM10,114.4,363
Barmer,Rajasthan,FY2025-26,PM2.5,29.838,363
Barrackpore,West Bengal,FY2024-25,CO,1.4,341
Barrackpore,West Bengal,FY2024-25,NO2,14.3,341
Barrackpore,West Bengal,FY2024-25,O3,42.2,341
Barrackpore,West Bengal,FY2024-25,PM10,115.6,341
Barrackpore,West Bengal,FY2024-25,PM2.5,58.871,341
Barrackpore,West Bengal,FY2025-26,CO,1.3,342
Barrackpore,West Bengal,FY2025-26,NO2,16.1,342
Barrackpore,West Bengal,FY2025-26,O3,29.4,342
Barrackpore,West Bengal,FY2025-26,PM10,78.8,342
Barrackpore,West Bengal,FY2025-26,PM2.5,40.385,342
Bathinda,Punjab,FY2024-25,CO,1.5,337
Bathinda,Punjab,FY2024-25,NO2,24.6,337
Bathinda,Punjab,FY2024-25,PM10,102.4,337
Bathinda,Punjab,FY2024-25,PM2.5,38.901,337
Bathinda,Punjab,FY2025-26,CO,1.4,309
Bathinda,Punjab,FY2025-26,NO2,24.6,309
Bathinda,Punjab,FY2025-26,PM10,78.2,309
Bathinda,Punjab,FY2025-26,PM2.5,37.745,309
Begusarai,Bihar,FY2024-25,CO,1.7,210
Begusarai,Bihar,FY2024-25,NO2,35.1,210
Begusarai,Bihar,FY2024-25,O3,26.4,210
Begusarai,Bihar,FY2024-25,PM10,129.6,210
Begusarai,Bihar,FY2024-25,PM2.5,63.685,210
Begusarai,Bihar,FY2025-26,CO,1.1,301
Begusarai,Bihar,FY2025-26,NO2,28.4,301
Begusarai,Bihar,FY2025-26,O3,28.3,301
Begusarai,Bihar,FY2025-26,PM10,81.0,301
Begusarai,Bihar,FY2025-26,PM2.5,42.525,301
Belapur,Maharashtra,FY2024-25,CO,0.8,331
Belapur,Maharashtra,FY2024-25,NO2,45.9,331
Belapur,Maharashtra,FY2024-25,O3,67.5,331
Belapur,Maharashtra,FY2024-25,PM10,103.2,331
Belapur,Maharashtra,FY2024-25,PM2.5,42.855,331
Belapur,Maharashtra,FY2025-26,CO,0.6,345
Belapur,Maharashtra,FY2025-26,NO2,14.8,345
Belapur,Maharashtra,FY2025-26,O3,47.4,345
Belapur,Maharashtra,FY2025-26,PM10,85.7,345
Belapur,Maharashtra,FY2025-26,PM2.5,36.138,345
Belgaum,Karnataka,FY2024-25,CO,0.7,277
Belgaum,Karnataka,FY2024-25,NO2,24.1,277
Belgaum,Karnataka,FY2024-25,O3,20.2,277
Belgaum,Karnataka,FY2024-25,PM10,43.6,277
Belgaum,Karnataka,FY2024-25,PM2.5,18.34,277
Belgaum,Karnataka,FY2025-26,CO,0.2,136
Belgaum,Karnataka,FY2025-26,NO2,33.4,136
Belgaum,Karnataka,FY2025-26,O3,19.3,136
Belgaum,Karnataka,FY2025-26,PM10,52.0,136
Belgaum,Karnataka,FY2025-26,PM2.5,23.911,136
Bengaluru,Karnataka,FY2024-25,CO,1.0,364
Bengaluru,Karnataka,FY2024-25,NO2,18.5,364
Bengaluru,Karnataka,FY2024-25,O3,32.7,364
Bengaluru,Karnataka,FY2024-25,PM10,70.4,364
Bengaluru,Karnataka,FY2024-25,PM2.5,30.907,364
Bengaluru,Karnataka,FY2025-26,CO,1.0,365
Bengaluru,Karnataka,FY2025-26,NO2,20.6,365
Bengaluru,Karnataka,FY2025-26,O3,30.9,365
Bengaluru,Karnataka,FY2025-26,PM10,80.9,365
Bengaluru,Karnataka,FY2025-26,PM2.5,31.616,365
Bettiah,Bihar,FY2024-25,CO,1.7,242
Bettiah,Bihar,FY2024-25,NO2,23.1,242
Bettiah,Bihar,FY2024-25,O3,18.5,242
Bettiah,Bihar,FY2024-25,PM10,140.1,242
Bettiah,Bihar,FY2024-25,PM2.5,50.415,242
Bettiah,Bihar,FY2025-26,CO,1.9,288
Bettiah,Bihar,FY2025-26,NO2,9.0,288
Bettiah,Bihar,FY2025-26,O3,24.1,288
Bettiah,Bihar,FY2025-26,PM10,68.4,288
Bettiah,Bihar,FY2025-26,PM2.5,32.668,288
Bhagalpur,Bihar,FY2024-25,CO,1.1,349
Bhagalpur,Bihar,FY2024-25,NO2,18.4,349
Bhagalpur,Bihar,FY2024-25,O3,30.3,349
Bhagalpur,Bihar,FY2024-25,PM10,119.8,349
Bhagalpur,Bihar,FY2024-25,PM2.5,59.315,349
Bhagalpur,Bihar,FY2025-26,CO,1.0,341
Bhagalpur,Bihar,FY2025-26,NO2,10.1,341
Bhagalpur,Bihar,FY2025-26,O3,22.9,341
Bhagalpur,Bihar,FY2025-26,PM10,83.8,341
Bhagalpur,Bihar,FY2025-26,PM2.5,36.397,341
Bharatpur,Rajasthan,FY2024-25,CO,1.5,360
Bharatpur,Rajasthan,FY2024-25,NO2,27.8,360
Bharatpur,Rajasthan,FY2024-25,O3,86.9,360
Bharatpur,Rajasthan,FY2024-25,PM10,103.9,360
Bharatpur,Rajasthan,FY2024-25,PM2.5,47.036,360
Bharatpur,Rajasthan,FY2025-26,CO,1.2,362
Bharatpur,Rajasthan,FY2025-26,NO2,23.2,362
Bharatpur,Rajasthan,FY2025-26,O3,87.2,362
Bharatpur,Rajasthan,FY2025-26,PM10,97.7,362
Bharatpur,Rajasthan,FY2025-26,PM2.5,36.449,362
Bhilai,Chhattisgarh,FY2024-25,CO,1.0,364
Bhilai,Chhattisgarh,FY2024-25,NO2,17.4,364
Bhilai,Chhattisgarh,FY2024-25,O3,34.8,364
Bhilai,Chhattisgarh,FY2024-25,PM10,68.8,364
Bhilai,Chhattisgarh,FY2024-25,PM2.5,31.605,364
Bhilai,Chhattisgarh,FY2025-26,CO,0.9,363
Bhilai,Chhattisgarh,FY2025-26,NO2,20.6,363
Bhilai,Chhattisgarh,FY2025-26,O3,23.0,363
Bhilai,Chhattisgarh,FY2025-26,PM10,47.6,363
Bhilai,Chhattisgarh,FY2025-26,PM2.5,21.49,363
Bhilwara,Rajasthan,FY2024-25,CO,1.0,336
Bhilwara,Rajasthan,FY2024-25,NO2,23.5,336
Bhilwara,Rajasthan,FY2024-25,O3,64.2,336
Bhilwara,Rajasthan,FY2024-25,PM10,85.1,336
Bhilwara,Rajasthan,FY2024-25,PM2.5,42.707,336
Bhilwara,Rajasthan,FY2025-26,CO,0.9,358
Bhilwara,Rajasthan,FY2025-26,NO2,18.7,358
Bhilwara,Rajasthan,FY2025-26,O3,43.6,358
Bhilwara,Rajasthan,FY2025-26,PM10,98.3,358
Bhilwara,Rajasthan,FY2025-26,PM2.5,44.071,358
Bhiwadi,Rajasthan,FY2024-25,CO,1.4,361
Bhiwadi,Rajasthan,FY2024-25,NO2,29.6,361
Bhiwadi,Rajasthan,FY2024-25,O3,60.9,361
Bhiwadi,Rajasthan,FY2024-25,PM10,157.6,361
Bhiwadi,Rajasthan,FY2024-25,PM2.5,70.211,361
Bhiwadi,Rajasthan,FY2025-26,CO,1.4,363
Bhiwadi,Rajasthan,FY2025-26,NO2,33.9,363
Bhiwadi,Rajasthan,FY2025-26,O3,54.0,363
Bhiwadi,Rajasthan,FY2025-26,PM10,176.8,363
Bhiwadi,Rajasthan,FY2025-26,PM2.5,82.627,363
Bhiwandi,Maharashtra,FY2024-25,CO,1.0,342
Bhiwandi,Maharashtra,FY2024-25,NO2,25.8,342
Bhiwandi,Maharashtra,FY2024-25,O3,63.0,342
Bhiwandi,Maharashtra,FY2024-25,PM10,105.2,342
Bhiwandi,Maharashtra,FY2024-25,PM2.5,46.033,342
Bhiwandi,Maharashtra,FY2025-26,CO,0.9,354
Bhiwandi,Maharashtra,FY2025-26,NO2,26.0,354
Bhiwandi,Maharashtra,FY2025-26,O3,58.3,354
Bhiwandi,Maharashtra,FY2025-26,PM10,99.0,354
Bhiwandi,Maharashtra,FY2025-26,PM2.5,41.331,354
Bhopal,Madhya Pradesh,FY2024-25,CO,1.1,364
Bhopal,Madhya Pradesh,FY2024-25,NO2,25.4,364
Bhopal,Madhya Pradesh,FY2024-25,O3,71.0,364
Bhopal,Madhya Pradesh,FY2024-25,PM10,104.9,364
Bhopal,Madhya Pradesh,FY2024-25,PM2.5,42.479,364
Bhopal,Madhya Pradesh,FY2025-26,CO,1.1,365
Bhopal,Madhya Pradesh,FY2025-26,NO2,26.8,365
Bhopal,Madhya Pradesh,FY2025-26,O3,71.4,365
Bhopal,Madhya Pradesh,FY2025-26,PM10,106.1,365
Bhopal,Madhya Pradesh,FY2025-26,PM2.5,42.096,365
Bhubaneswar,Odisha,FY2024-25,CO,1.4,351
Bhubaneswar,Odisha,FY2024-25,NO2,13.1,351
Bhubaneswar,Odisha,FY2024-25,O3,65.5,351
Bhubaneswar,Odisha,FY2024-25,PM10,87.6,351
Bhubaneswar,Odisha,FY2024-25,PM2.5,42.203,351
Bhubaneswar,Odisha,FY2025-26,CO,1.5,361
Bhubaneswar,Odisha,FY2025-26,NO2,19.0,361
Bhubaneswar,Odisha,FY2025-26,O3,72.5,361
Bhubaneswar,Odisha,FY2025-26,PM10,91.9,361
Bhubaneswar,Odisha,FY2025-26,PM2.5,45.351,361
Bikaner,Rajasthan,FY2024-25,CO,1.4,343
Bikaner,Rajasthan,FY2024-25,NO2,33.0,343
Bikaner,Rajasthan,FY2024-25,O3,70.0,343
Bikaner,Rajasthan,FY2024-25,PM10,155.2,343
Bikaner,Rajasthan,FY2024-25,PM2.5,46.992,343
Bikaner,Rajasthan,FY2025-26,CO,1.5,338
Bikaner,Rajasthan,FY2025-26,NO2,31.1,338
Bikaner,Rajasthan,FY2025-26,O3,80.2,338
Bikaner,Rajasthan,FY2025-26,PM10,164.5,338
Bikaner,Rajasthan,FY2025-26,PM2.5,45.553,338
Bilaspur,Chhattisgarh,FY2024-25,CO,1.0,337
Bilaspur,Chhattisgarh,FY2024-25,NO2,14.8,337
Bilaspur,Chhattisgarh,FY2024-25,PM10,56.5,337
Bilaspur,Chhattisgarh,FY2024-25,PM2.5,30.088,337
Bilaspur,Chhattisgarh,FY2025-26,CO,1.1,329
Bilaspur,Chhattisgarh,FY2025-26,NO2,20.9,329
Bilaspur,Chhattisgarh,FY2025-26,PM10,65.6,329
Bilaspur,Chhattisgarh,FY2025-26,PM2.5,32.636,329
Bileipada,Odisha,FY2024-25,CO,0.7,317
Bileipada,Odisha,FY2024-25,NO2,10.5,317
Bileipada,Odisha,FY2024-25,O3,35.5,317
Bileipada,Odisha,FY2024-25,PM10,155.6,317
Bileipada,Odisha,FY2024-25,PM2.5,48.225,317
Bileipada,Odisha,FY2025-26,CO,0.9,290
Bileipada,Odisha,FY2025-26,NO2,5.2,290
Bileipada,Odisha,FY2025-26,O3,15.6,290
Bileipada,Odisha,FY2025-26,PM10,121.3,290
Bileipada,Odisha,FY2025-26,PM2.5,47.681,290
Boisar,Maharashtra,FY2024-25,CO,0.7,334
Boisar,Maharashtra,FY2024-25,NO2,15.3,334
Boisar,Maharashtra,FY2024-25,O3,49.4,334
Boisar,Maharashtra,FY2024-25,PM10,97.8,334
Boisar,Maharashtra,FY2024-25,PM2.5,45.264,334
Boisar,Maharashtra,FY2025-26,CO,0.6,345
Boisar,Maharashtra,FY2025-26,NO2,14.3,345
Boisar,Maharashtra,FY2025-26,O3,44.6,345
Boisar,Maharashtra,FY2025-26,PM10,78.6,345
Boisar,Maharashtra,FY2025-26,PM2.5,33.508,345
Brajrajnagar,Odisha,FY2024-25,CO,1.0,319
Brajrajnagar,Odisha,FY2024-25,NO2,12.1,319
Brajrajnagar,Odisha,FY2024-25,O3,56.4,319
Brajrajnagar,Odisha,FY2024-25,PM10,75.6,319
Brajrajnagar,Odisha,FY2024-25,PM2.5,32.564,319
Brajrajnagar,Odisha,FY2025-26,CO,1.0,335
Brajrajnagar,Odisha,FY2025-26,NO2,17.9,335
Brajrajnagar,Odisha,FY2025-26,O3,46.1,335
Brajrajnagar,Odisha,FY2025-26,PM10,82.0,335
Brajrajnagar,Odisha,FY2025-26,PM2.5,35.571,335
Bulandshahr,Uttar Pradesh,FY2024-25,CO,1.3,360
Bulandshahr,Uttar Pradesh,FY2024-25,NO2,39.0,360
Bulandshahr,Uttar Pradesh,FY2024-25,O3,47.5,360
Bulandshahr,Uttar Pradesh,FY2024-25,PM10,140.0,360
Bulandshahr,Uttar Pradesh,FY2024-25,PM2.5,56.638,360
Bulandshahr,Uttar Pradesh,FY2025-26,CO,1.3,363
Bulandshahr,Uttar Pradesh,FY2025-26,NO2,37.3,363
Bulandshahr,Uttar Pradesh,FY2025-26,O3,50.0,363
Bulandshahr,Uttar Pradesh,FY2025-26,PM10,160.6,363
Bulandshahr,Uttar Pradesh,FY2025-26,PM2.5,67.385,363
Bundi,Rajasthan,FY2024-25,CO,1.1,338
Bundi,Rajasthan,FY2024-25,NO2,18.1,338
Bundi,Rajasthan,FY2024-25,O3,83.0,338
Bundi,Rajasthan,FY2024-25,PM10,117.3,338
Bundi,Rajasthan,FY2024-25,PM2.5,41.537,338
Bundi,Rajasthan,FY2025-26,CO,1.0,350
Bundi,Rajasthan,FY2025-26,NO2,16.6,350
Bundi,Rajasthan,FY2025-26,O3,79.5,350
Bundi,Rajasthan,FY2025-26,PM10,100.4,350
Bundi,Rajasthan,FY2025-26,PM2.5,41.488,350
Buxar,Bihar,FY2024-25,CO,1.6,269
Buxar,Bihar,FY2024-25,NO2,5.2,269
Buxar,Bihar,FY2024-25,O3,60.2,269
Buxar,Bihar,FY2024-25,PM10,135.6,269
Buxar,Bihar,FY2024-25,PM2.5,58.721,269
Buxar,Bihar,FY2025-26,CO,0.8,292
Buxar,Bihar,FY2025-26,NO2,7.0,292
Buxar,Bihar,FY2025-26,O3,41.7,292
Buxar,Bihar,FY2025-26,PM10,78.5,292
Buxar,Bihar,FY2025-26,PM2.5,42.256,292
Byasanagar,Odisha,FY2024-25,CO,1.3,343
Byasanagar,Odisha,FY2024-25,NO2,10.2,343
Byasanagar,Odisha,FY2024-25,O3,90.1,343
Byasanagar,Odisha,FY2024-25,PM10,85.1,343
Byasanagar,Odisha,FY2024-25,PM2.5,43.797,343
Byasanagar,Odisha,FY2025-26,CO,1.2,341
Byasanagar,Odisha,FY2025-26,NO2,14.8,341
Byasanagar,Odisha,FY2025-26,O3,91.4,341
Byasanagar,Odisha,FY2025-26,PM10,89.4,341
Byasanagar,Odisha,FY2025-26,PM2.5,46.348,341
Byrnihat (Assam),Assam,FY2024-25,CO,0.9,278
Byrnihat (Assam),Assam,FY2024-25,NO2,17.1,278
Byrnihat (Assam),Assam,FY2024-25,O3,35.5,278
Byrnihat (Assam),Assam,FY2024-25,PM10,200.3,278
Byrnihat (Assam),Assam,FY2024-25,PM2.5,127.85,278
Byrnihat (Assam),Assam,FY2025-26,CO,1.0,256
Byrnihat (Assam),Assam,FY2025-26,NO2,6.4,256
Byrnihat (Assam),Assam,FY2025-26,O3,27.9,256
Byrnihat (Assam),Assam,FY2025-26,PM10,106.5,256
Byrnihat (Assam),Assam,FY2025-26,PM2.5,74.831,256
Chamarajanagar,Karnataka,FY2024-25,CO,0.9,342
Chamarajanagar,Karnataka,FY2024-25,NO2,22.2,342
Chamarajanagar,Karnataka,FY2024-25,O3,33.3,342
Chamarajanagar,Karnataka,FY2024-25,PM10,44.6,342
Chamarajanagar,Karnataka,FY2024-25,PM2.5,18.594,342
Chamarajanagar,Karnataka,FY2025-26,CO,0.8,330
Chamarajanagar,Karnataka,FY2025-26,NO2,20.8,330
Chamarajanagar,Karnataka,FY2025-26,O3,31.8,330
Chamarajanagar,Karnataka,FY2025-26,PM10,46.0,330
Chamarajanagar,Karnataka,FY2025-26,PM2.5,18.946,330
Chandigarh,Chandigarh,FY2024-25,CO,1.3,364
Chandigarh,Chandigarh,FY2024-25,NO2,29.9,364
Chandigarh,Chandigarh,FY2024-25,O3,62.3,364
Chandigarh,Chandigarh,FY2024-25,PM10,123.7,364
Chandigarh,Chandigarh,FY2024-25,PM2.5,63.633,364
Chandigarh,Chandigarh,FY2025-26,CO,1.3,363
Chandigarh,Chandigarh,FY2025-26,NO2,26.5,363
Chandigarh,Chandigarh,FY2025-26,O3,59.3,363
Chandigarh,Chandigarh,FY2025-26,PM10,83.2,363
Chandigarh,Chandigarh,FY2025-26,PM2.5,46.888,363
Chandrapur,Maharashtra,FY2024-25,CO,0.6,355
Chandrapur,Maharashtra,FY2024-25,NO2,17.7,355
Chandrapur,Maharashtra,FY2024-25,O3,45.8,355
Chandrapur,Maharashtra,FY2024-25,PM10,95.7,355
Chandrapur,Maharashtra,FY2024-25,PM2.5,39.014,355
Chandrapur,Maharashtra,FY2025-26,CO,0.9,362
Chandrapur,Maharashtra,FY2025-26,NO2,16.5,362
Chandrapur,Maharashtra,FY2025-26,O3,36.4,362
Chandrapur,Maharashtra,FY2025-26,PM10,105.5,362
Chandrapur,Maharashtra,FY2025-26,PM2.5,35.123,362
Charkhi Dadri,Haryana,FY2024-25,CO,0.4,346
Charkhi Dadri,Haryana,FY2024-25,NO2,14.2,346
Charkhi Dadri,Haryana,FY2024-25,O3,15.9,346
Charkhi Dadri,Haryana,FY2024-25,PM10,119.4,346
Charkhi Dadri,Haryana,FY2024-25,PM2.5,78.953,346
Charkhi Dadri,Haryana,FY2025-26,CO,0.1,172
Charkhi Dadri,Haryana,FY2025-26,NO2,12.1,172
Charkhi Dadri,Haryana,FY2025-26,O3,16.0,172
Charkhi Dadri,Haryana,FY2025-26,PM10,165.3,172
Charkhi Dadri,Haryana,FY2025-26,PM2.5,115.866,172
Chennai,Tamil Nadu,FY2024-25,CO,1.1,364
Chennai,Tamil Nadu,FY2024-25,NO2,12.0,364
Chennai,Tamil Nadu,FY2024-25,O3,24.8,364
Chennai,Tamil Nadu,FY2024-25,PM10,60.2,364
Chennai,Tamil Nadu,FY2024-25,PM2.5,27.173,364
Chennai,Tamil Nadu,FY2025-26,CO,1.0,365
Chennai,Tamil Nadu,FY2025-26,NO2,10.4,365
Chennai,Tamil Nadu,FY2025-26,O3,28.8,365
Chennai,Tamil Nadu,FY2025-26,PM10,79.0,365
Chennai,Tamil Nadu,FY2025-26,PM2.5,32.553,365
Chhal,Chhattisgarh,FY2024-25,CO,1.0,318
Chhal,Chhattisgarh,FY2024-25,NO2,21.3,318
Chhal,Chhattisgarh,FY2024-25,O3,60.9,318
Chhal,Chhattisgarh,FY2024-25,PM10,64.4,318
Chhal,Chhattisgarh,FY2024-25,PM2.5,34.819,318
Chhal,Chhattisgarh,FY2025-26,CO,0.9,287
Chhal,Chhattisgarh,FY2025-26,NO2,10.2,287
Chhal,Chhattisgarh,FY2025-26,O3,59.4,287
Chhal,Chhattisgarh,FY2025-26,PM10,63.4,287
Chhal,Chhattisgarh,FY2025-26,PM2.5,30.087,287
Chhapra,Bihar,FY2024-25,CO,0.8,267
Chhapra,Bihar,FY2024-25,NO2,14.8,267
Chhapra,Bihar,FY2024-25,O3,12.6,267
Chhapra,Bihar,FY2024-25,PM10,105.3,267
Chhapra,Bihar,FY2024-25,PM2.5,53.663,267
Chhapra,Bihar,FY2025-26,CO,0.3,274
Chhapra,Bihar,FY2025-26,NO2,41.1,274
Chhapra,Bihar,FY2025-26,O3,25.2,274
Chhapra,Bihar,FY2025-26,PM10,86.7,274
Chhapra,Bihar,FY2025-26,PM2.5,43.184,274
Chikkaballapur,Karnataka,FY2024-25,CO,0.2,347
Chikkaballapur,Karnataka,FY2024-25,NO2,10.1,347
Chikkaballapur,Karnataka,FY2024-25,O3,24.6,347
Chikkaballapur,Karnataka,FY2024-25,PM10,54.4,347
Chikkaballapur,Karnataka,FY2024-25,PM2.5,27.071,347
Chikkaballapur,Karnataka,FY2025-26,CO,0.1,237
Chikkaballapur,Karnataka,FY2025-26,NO2,15.8,237
Chikkaballapur,Karnataka,FY2025-26,O3,29.7,237
Chikkaballapur,Karnataka,FY2025-26,PM10,49.7,237
Chikkaballapur,Karnataka,FY2025-26,PM2.5,24.307,237
Chikkamagaluru,Karnataka,FY2024-25,CO,0.8,293
Chikkamagaluru,Karnataka,FY2024-25,NO2,18.6,293
Chikkamagaluru,Karnataka,FY2024-25,O3,37.7,293
Chikkamagaluru,Karnataka,FY2024-25,PM10,46.0,293
Chikkamagaluru,Karnataka,FY2024-25,PM2.5,17.295,293
Chikkamagaluru,Karnataka,FY2025-26,CO,0.3,288
Chikkamagaluru,Karnataka,FY2025-26,NO2,17.8,288
Chikkamagaluru,Karnataka,FY2025-26,O3,34.9,288
Chikkamagaluru,Karnataka,FY2025-26,PM10,42.2,288
Chikkamagaluru,Karnataka,FY2025-26,PM2.5,18.278,288
Chittoor,Andhra Pradesh,FY2024-25,CO,0.6,252
Chittoor,Andhra Pradesh,FY2024-25,NO2,9.2,252
Chittoor,Andhra Pradesh,FY2024-25,O3,40.5,252
Chittoor,Andhra Pradesh,FY2024-25,PM10,68.6,252
Chittoor,Andhra Pradesh,FY2024-25,PM2.5,40.373,252
Chittoor,Andhra Pradesh,FY2025-26,CO,0.9,340
Chittoor,Andhra Pradesh,FY2025-26,NO2,21.2,340
Chittoor,Andhra Pradesh,FY2025-26,O3,47.3,340
Chittoor,Andhra Pradesh,FY2025-26,PM10,74.3,340
Chittoor,Andhra Pradesh,FY2025-26,PM2.5,47.64,340
Chittorgarh,Rajasthan,FY2024-25,CO,0.8,334
Chittorgarh,Rajasthan,FY2024-25,NO2,27.6,334
Chittorgarh,Rajasthan,FY2024-25,O3,84.4,334
Chittorgarh,Rajasthan,FY2024-25,PM10,126.5,334
Chittorgarh,Rajasthan,FY2024-25,PM2.5,51.071,334
Chittorgarh,Rajasthan,FY2025-26,CO,0.7,346
Chittorgarh,Rajasthan,FY2025-26,NO2,25.3,346
Chittorgarh,Rajasthan,FY2025-26,O3,70.6,346
Chittorgarh,Rajasthan,FY2025-26,PM10,99.0,346
Chittorgarh,Rajasthan,FY2025-26,PM2.5,45.537,346
Churu,Rajasthan,FY2024-25,CO,0.9,326
Churu,Rajasthan,FY2024-25,NO2,20.1,326
Churu,Rajasthan,FY2024-25,O3,98.0,326
Churu,Rajasthan,FY2024-25,PM10,144.5,326
Churu,Rajasthan,FY2024-25,PM2.5,51.908,326
Churu,Rajasthan,FY2025-26,CO,0.6,362
Churu,Rajasthan,FY2025-26,NO2,16.9,362
Churu,Rajasthan,FY2025-26,O3,84.6,362
Churu,Rajasthan,FY2025-26,PM10,144.3,362
Churu,Rajasthan,FY2025-26,PM2.5,46.64,362
Coimbatore,Tamil Nadu,FY2024-25,CO,0.7,310
Coimbatore,Tamil Nadu,FY2024-25,NO2,7.9,310
Coimbatore,Tamil Nadu,FY2024-25,O3,17.6,310
Coimbatore,Tamil Nadu,FY2024-25,PM10,64.1,310
Coimbatore,Tamil Nadu,FY2024-25,PM2.5,29.51,310
Coimbatore,Tamil Nadu,FY2025-26,CO,0.9,356
Coimbatore,Tamil Nadu,FY2025-26,NO2,8.3,356
Coimbatore,Tamil Nadu,FY2025-26,O3,19.1,356
Coimbatore,Tamil Nadu,FY2025-26,PM10,56.8,356
Coimbatore,Tamil Nadu,FY2025-26,PM2.5,37.345,356
Cuddalore,Tamil Nadu,FY2024-25,CO,0.2,311
Cuddalore,Tamil Nadu,FY2024-25,NO2,16.7,311
Cuddalore,Tamil Nadu,FY2024-25,O3,4.4,311
Cuddalore,Tamil Nadu,FY2024-25,PM10,43.2,311
Cuddalore,Tamil Nadu,FY2024-25,PM2.5,29.587,311
Cuddalore,Tamil Nadu,FY2025-26,NO2,11.4,278
Cuddalore,Tamil Nadu,FY2025-26,O3,6.3,278
Cuddalore,Tamil Nadu,FY2025-26,PM10,37.1,278
Cuddalore,Tamil Nadu,FY2025-26,PM2.5,29.14,278
Cuttack,Odisha,FY2024-25,CO,1.1,336
Cuttack,Odisha,FY2024-25,NO2,19.9,336
Cuttack,Odisha,FY2024-25,O3,75.3,336
Cuttack,Odisha,FY2024-25,PM10,92.3,336
Cuttack,Odisha,FY2024-25,PM2.5,40.238,336
Cuttack,Odisha,FY2025-26,CO,1.3,350
Cuttack,Odisha,FY2025-26,NO2,20.7,350
Cuttack,Odisha,FY2025-26,O3,78.4,350
Cuttack,Odisha,FY2025-26,PM10,105.1,350
Cuttack,Odisha,FY2025-26,PM2.5,48.601,350
Damoh,Madhya Pradesh,FY2024-25,CO,0.2,240
Damoh,Madhya Pradesh,FY2024-25,PM10,70.0,240
Damoh,Madhya Pradesh,FY2024-25,PM2.5,30.916,240
Damoh,Madhya Pradesh,FY2025-26,CO,0.6,306
Damoh,Madhya Pradesh,FY2025-26,PM10,53.6,306
Damoh,Madhya Pradesh,FY2025-26,PM2.5,21.977,306
Dausa,Rajasthan,FY2024-25,CO,1.5,349
Dausa,Rajasthan,FY2024-25,NO2,34.2,349
Dausa,Rajasthan,FY2024-25,O3,79.6,349
Dausa,Rajasthan,FY2024-25,PM10,137.8,349
Dausa,Rajasthan,FY2024-25,PM2.5,41.915,349
Dausa,Rajasthan,FY2025-26,CO,1.4,351
Dausa,Rajasthan,FY2025-26,NO2,28.4,351
Dausa,Rajasthan,FY2025-26,O3,76.3,351
Dausa,Rajasthan,FY2025-26,PM10,120.9,351
Dausa,Rajasthan,FY2025-26,PM2.5,38.407,351
Davanagere,Karnataka,FY2024-25,CO,0.5,295
Davanagere,Karnataka,FY2024-25,NO2,9.0,295
Davanagere,Karnataka,FY2024-25,O3,21.6,295
Davanagere,Karnataka,FY2024-25,PM10,54.5,295
Davanagere,Karnataka,FY2024-25,PM2.5,28.757,295
Davanagere,Karnataka,FY2025-26,CO,0.7,257
Davanagere,Karnataka,FY2025-26,NO2,15.4,257
Davanagere,Karnataka,FY2025-26,O3,22.6,257
Davanagere,Karnataka,FY2025-26,PM10,46.8,257
Davanagere,Karnataka,FY2025-26,PM2.5,28.179,257
Dehradun,Uttarakhand,FY2024-25,CO,0.8,348
Dehradun,Uttarakhand,FY2024-25,NO2,1.7,348
Dehradun,Uttarakhand,FY2024-25,O3,61.0,348
Dehradun,Uttarakhand,FY2024-25,PM10,74.6,348
Dehradun,Uttarakhand,FY2024-25,PM2.5,41.501,348
Dehradun,Uttarakhand,FY2025-26,CO,0.1,330
Dehradun,Uttarakhand,FY2025-26,NO2,1.4,330
Dehradun,Uttarakhand,FY2025-26,O3,54.4,330
Dehradun,Uttarakhand,FY2025-26,PM10,63.7,330
Dehradun,Uttarakhand,FY2025-26,PM2.5,41.797,330
Delhi,Delhi,FY2024-25,CO,1.7,364
Delhi,Delhi,FY2024-25,NO2,44.2,364
Delhi,Delhi,FY2024-25,O3,63.2,364
Delhi,Delhi,FY2024-25,PM10,205.5,364
Delhi,Delhi,FY2024-25,PM2.5,99.556,364
Delhi,Delhi,FY2025-26,CO,1.8,365
Delhi,Delhi,FY2025-26,NO2,45.4,365
Delhi,Delhi,FY2025-26,O3,67.3,365
Delhi,Delhi,FY2025-26,PM10,200.9,365
Delhi,Delhi,FY2025-26,PM2.5,98.101,365
Dewas,Madhya Pradesh,FY2024-25,CO,0.8,333
Dewas,Madhya Pradesh,FY2024-25,NO2,33.3,333
Dewas,Madhya Pradesh,FY2024-25,O3,44.7,333
Dewas,Madhya Pradesh,FY2024-25,PM10,91.4,333
Dewas,Madhya Pradesh,FY2024-25,PM2.5,42.687,333
Dewas,Madhya Pradesh,FY2025-26,CO,0.7,335
Dewas,Madhya Pradesh,FY2025-26,NO2,41.4,335
Dewas,Madhya Pradesh,FY2025-26,O3,40.3,335
Dewas,Madhya Pradesh,FY2025-26,PM10,97.1,335
Dewas,Madhya Pradesh,FY2025-26,PM2.5,40.392,335
Dhanbad,Jharkhand,FY2024-25,CO,1.8,229
Dhanbad,Jharkhand,FY2024-25,NO2,82.5,229
Dhanbad,Jharkhand,FY2024-25,O3,32.8,229
Dhanbad,Jharkhand,FY2024-25,PM10,155.4,229
Dhanbad,Jharkhand,FY2024-25,PM2.5,53.1,229
Dhanbad,Jharkhand,FY2025-26,CO,0.6,310
Dhanbad,Jharkhand,FY2025-26,NO2,71.2,310
Dhanbad,Jharkhand,FY2025-26,O3,25.0,310
Dhanbad,Jharkhand,FY2025-26,PM10,117.3,310
Dhanbad,Jharkhand,FY2025-26,PM2.5,40.42,310
Dharwad,Karnataka,FY2024-25,CO,1.5,322
Dharwad,Karnataka,FY2024-25,NO2,13.8,322
Dharwad,Karnataka,FY2024-25,O3,32.1,322
Dharwad,Karnataka,FY2024-25,PM10,68.5,322
Dharwad,Karnataka,FY2024-25,PM2.5,30.16,322
Dharwad,Karnataka,FY2025-26,CO,1.2,284
Dharwad,Karnataka,FY2025-26,NO2,17.5,284
Dharwad,Karnataka,FY2025-26,O3,22.0,284
Dharwad,Karnataka,FY2025-26,PM10,73.6,284
Dharwad,Karnataka,FY2025-26,PM2.5,31.016,284
Dholpur,Rajasthan,FY2024-25,CO,0.8,315
Dholpur,Rajasthan,FY2024-25,NO2,17.4,315
Dholpur,Rajasthan,FY2024-25,O3,76.9,315
Dholpur,Rajasthan,FY2024-25,PM10,122.8,315
Dholpur,Rajasthan,FY2024-25,PM2.5,51.175,315
Dholpur,Rajasthan,FY2025-26,CO,1.1,329
Dholpur,Rajasthan,FY2025-26,NO2,18.6,329
Dholpur,Rajasthan,FY2025-26,O3,47.8,329
Dholpur,Rajasthan,FY2025-26,PM10,110.4,329
Dholpur,Rajasthan,FY2025-26,PM2.5,48.173,329
Dhule,Maharashtra,FY2024-25,CO,0.6,329
Dhule,Maharashtra,FY2024-25,NO2,14.1,329
Dhule,Maharashtra,FY2024-25,O3,56.5,329
Dhule,Maharashtra,FY2024-25,PM10,91.9,329
Dhule,Maharashtra,FY2024-25,PM2.5,42.847,329
Dhule,Maharashtra,FY2025-26,CO,0.6,325
Dhule,Maharashtra,FY2025-26,NO2,11.6,325
Dhule,Maharashtra,FY2025-26,O3,50.6,325
Dhule,Maharashtra,FY2025-26,PM10,92.6,325
Dhule,Maharashtra,FY2025-26,PM2.5,42.392,325
Dungarpur,Rajasthan,FY2024-25,CO,1.0,327
Dungarpur,Rajasthan,FY2024-25,NO2,14.1,327
Dungarpur,Rajasthan,FY2024-25,O3,76.5,327
Dungarpur,Rajasthan,FY2024-25,PM10,93.4,327
Dungarpur,Rajasthan,FY2024-25,PM2.5,40.97,327
Dungarpur,Rajasthan,FY2025-26,CO,0.6,357
Dungarpur,Rajasthan,FY2025-26,NO2,11.5,357
Dungarpur,Rajasthan,FY2025-26,O3,74.1,357
Dungarpur,Rajasthan,FY2025-26,PM10,90.8,357
Dungarpur,Rajasthan,FY2025-26,PM2.5,38.068,357
Durgapur,West Bengal,FY2024-25,CO,1.2,363
Durgapur,West Bengal,FY2024-25,NO2,23.8,363
Durgapur,West Bengal,FY2024-25,O3,56.0,363
Durgapur,West Bengal,FY2024-25,PM10,158.2,363
Durgapur,West Bengal,FY2024-25,PM2.5,73.282,363
Durgapur,West Bengal,FY2025-26,CO,1.2,365
Durgapur,West Bengal,FY2025-26,NO2,19.9,365
Durgapur,West Bengal,FY2025-26,O3,43.8,365
Durgapur,West Bengal,FY2025-26,PM10,91.7,365
Durgapur,West Bengal,FY2025-26,PM2.5,37.819,365
Eloor,Kerala,FY2024-25,CO,1.3,259
Eloor,Kerala,FY2024-25,NO2,4.7,259
Eloor,Kerala,FY2024-25,O3,14.0,259
Eloor,Kerala,FY2024-25,PM10,48.0,259
Eloor,Kerala,FY2024-25,PM2.5,32.647,259
Eloor,Kerala,FY2025-26,CO,1.6,265
Eloor,Kerala,FY2025-26,NO2,6.1,265
Eloor,Kerala,FY2025-26,O3,14.2,265
Eloor,Kerala,FY2025-26,PM10,56.8,265
Eloor,Kerala,FY2025-26,PM2.5,37.703,265
Faridabad,Haryana,FY2024-25,CO,1.2,364
Faridabad,Haryana,FY2024-25,NO2,21.6,364
Faridabad,Haryana,FY2024-25,O3,29.7,364
Faridabad,Haryana,FY2024-25,PM10,153.9,364
Faridabad,Haryana,FY2024-25,PM2.5,73.049,364
Faridabad,Haryana,FY2025-26,CO,1.0,187
Faridabad,Haryana,FY2025-26,NO2,24.7,187
Faridabad,Haryana,FY2025-26,O3,25.5,187
Faridabad,Haryana,FY2025-26,PM10,174.9,187
Faridabad,Haryana,FY2025-26,PM2.5,90.621,187
Firozabad,Uttar Pradesh,FY2024-25,CO,0.5,355
Firozabad,Uttar Pradesh,FY2024-25,NO2,12.4,355
Firozabad,Uttar Pradesh,FY2024-25,O3,23.2,355
Firozabad,Uttar Pradesh,FY2024-25,PM10,67.0,355
Firozabad,Uttar Pradesh,FY2024-25,PM2.5,34.868,355
Firozabad,Uttar Pradesh,FY2025-26,CO,0.2,356
Firozabad,Uttar Pradesh,FY2025-26,NO2,13.1,356
Firozabad,Uttar Pradesh,FY2025-26,O3,15.1,356
Firozabad,Uttar Pradesh,FY2025-26,PM10,66.4,356
Firozabad,Uttar Pradesh,FY2025-26,PM2.5,32.156,356
Gadag,Karnataka,FY2024-25,CO,0.8,299
Gadag,Karnataka,FY2024-25,NO2,11.0,299
Gadag,Karnataka,FY2024-25,O3,39.7,299
Gadag,Karnataka,FY2024-25,PM10,44.8,299
Gadag,Karnataka,FY2024-25,PM2.5,12.785,299
Gadag,Karnataka,FY2025-26,CO,1.1,72
Gadag,Karnataka,FY2025-26,NO2,10.0,72
Gadag,Karnataka,FY2025-26,O3,27.5,72
Gadag,Karnataka,FY2025-26,PM10,40.3,72
Gadag,Karnataka,FY2025-26,PM2.5,11.954,72
Gandhinagar,Gujarat,FY2024-25,CO,0.9,359
Gandhinagar,Gujarat,FY2024-25,NO2,22.6,359
Gandhinagar,Gujarat,FY2024-25,O3,37.6,359
Gandhinagar,Gujarat,FY2024-25,PM10,85.2,359
Gandhinagar,Gujarat,FY2024-25,PM2.5,38.838,359
Gandhinagar,Gujarat,FY2025-26,CO,0.9,365
Gandhinagar,Gujarat,FY2025-26,NO2,18.5,365
Gandhinagar,Gujarat,FY2025-26,O3,37.8,365
Gandhinagar,Gujarat,FY2025-26,PM10,95.4,365
Gandhinagar,Gujarat,FY2025-26,PM2.5,38.693,365
Gaya,Bihar,FY2024-25,CO,1.3,360
Gaya,Bihar,FY2024-25,NO2,12.6,360
Gaya,Bihar,FY2024-25,O3,44.2,360
Gaya,Bihar,FY2024-25,PM10,92.5,360
Gaya,Bihar,FY2024-25,PM2.5,50.874,360
Gaya,Bihar,FY2025-26,CO,1.1,364
Gaya,Bihar,FY2025-26,NO2,8.8,364
Gaya,Bihar,FY2025-26,O3,27.8,364
Gaya,Bihar,FY2025-26,PM10,97.0,364
Gaya,Bihar,FY2025-26,PM2.5,42.515,364
Ghaziabad,Uttar Pradesh,FY2024-25,CO,1.6,364
Ghaziabad,Uttar Pradesh,FY2024-25,NO2,48.4,364
Ghaziabad,Uttar Pradesh,FY2024-25,O3,58.3,364
Ghaziabad,Uttar Pradesh,FY2024-25,PM10,168.1,364
Ghaziabad,Uttar Pradesh,FY2024-25,PM2.5,80.589,364
Ghaziabad,Uttar Pradesh,FY2025-26,CO,1.8,365
Ghaziabad,Uttar Pradesh,FY2025-26,NO2,45.6,365
Ghaziabad,Uttar Pradesh,FY2025-26,O3,60.9,365
Ghaziabad,Uttar Pradesh,FY2025-26,PM10,215.2,365
Ghaziabad,Uttar Pradesh,FY2025-26,PM2.5,102.595,365
Gorakhpur,Uttar Pradesh,FY2024-25,CO,0.2,349
Gorakhpur,Uttar Pradesh,FY2024-25,NO2,8.5,349
Gorakhpur,Uttar Pradesh,FY2024-25,O3,26.4,349
Gorakhpur,Uttar Pradesh,FY2024-25,PM10,112.6,349
Gorakhpur,Uttar Pradesh,FY2024-25,PM2.5,50.39,349
Gorakhpur,Uttar Pradesh,FY2025-26,CO,0.0,336
Gorakhpur,Uttar Pradesh,FY2025-26,NO2,9.0,336
Gorakhpur,Uttar Pradesh,FY2025-26,O3,21.5,336
Gorakhpur,Uttar Pradesh,FY2025-26,PM10,82.5,336
Gorakhpur,Uttar Pradesh,FY2025-26,PM2.5,39.364,336
Greater Noida,Uttar Pradesh,FY2024-25,CO,1.5,364
Greater Noida,Uttar Pradesh,FY2024-25,NO2,40.0,364
Greater Noida,Uttar Pradesh,FY2024-25,O3,77.7,364
Greater Noida,Uttar Pradesh,FY2024-25,PM10,200.9,364
Greater Noida,Uttar Pradesh,FY2024-25,PM2.5,69.896,364
Greater Noida,Uttar Pradesh,FY2025-26,CO,1.6,364
Greater Noida,Uttar Pradesh,FY2025-26,NO2,50.1,364
Greater Noida,Uttar Pradesh,FY2025-26,O3,66.6,364
Greater Noida,Uttar Pradesh,FY2025-26,PM10,218.1,364
Greater Noida,Uttar Pradesh,FY2025-26,PM2.5,88.715,364
Gummidipoondi,Tamil Nadu,FY2024-25,NO2,18.7,355
Gummidipoondi,Tamil Nadu,FY2024-25,PM10,96.4,355
Gummidipoondi,Tamil Nadu,FY2024-25,PM2.5,55.323,355
Gummidipoondi,Tamil Nadu,FY2025-26,NO2,10.3,353
Gummidipoondi,Tamil Nadu,FY2025-26,PM10,117.7,353
Gummidipoondi,Tamil Nadu,FY2025-26,PM2.5,69.351,353
Gurugram,Haryana,FY2024-25,CO,1.8,363
Gurugram,Haryana,FY2024-25,NO2,15.4,363
Gurugram,Haryana,FY2024-25,O3,49.7,363
Gurugram,Haryana,FY2024-25,PM10,170.4,363
Gurugram,Haryana,FY2024-25,PM2.5,88.523,363
Gurugram,Haryana,FY2025-26,CO,1.4,335
Gurugram,Haryana,FY2025-26,NO2,20.3,335
Gurugram,Haryana,FY2025-26,O3,61.3,335
Gurugram,Haryana,FY2025-26,PM10,171.4,335
Gurugram,Haryana,FY2025-26,PM2.5,89.992,335
Guwahati,Assam,FY2024-25,CO,1.0,364
Guwahati,Assam,FY2024-25,NO2,6.4,364
Guwahati,Assam,FY2024-25,O3,19.7,364
Guwahati,Assam,FY2024-25,PM10,103.5,364
Guwahati,Assam,FY2024-25,PM2.5,56.622,364
Guwahati,Assam,FY2025-26,CO,0.9,365
Guwahati,Assam,FY2025-26,NO2,6.2,365
Guwahati,Assam,FY2025-26,O3,24.9,365
Guwahati,Assam,FY2025-26,PM10,76.1,365
Guwahati,Assam,FY2025-26,PM2.5,41.068,365
Gwalior,Madhya Pradesh,FY2024-25,CO,1.4,364
Gwalior,Madhya Pradesh,FY2024-25,NO2,19.0,364
Gwalior,Madhya Pradesh,FY2024-25,O3,75.3,364
Gwalior,Madhya Pradesh,FY2024-25,PM10,125.8,364
Gwalior,Madhya Pradesh,FY2024-25,PM2.5,53.956,364
Gwalior,Madhya Pradesh,FY2025-26,CO,1.5,365
Gwalior,Madhya Pradesh,FY2025-26,NO2,23.7,365
Gwalior,Madhya Pradesh,FY2025-26,O3,73.2,365
Gwalior,Madhya Pradesh,FY2025-26,PM10,117.5,365
Gwalior,Madhya Pradesh,FY2025-26,PM2.5,54.573,365
Hajipur,Bihar,FY2024-25,CO,1.0,348
Hajipur,Bihar,FY2024-25,NO2,22.9,348
Hajipur,Bihar,FY2024-25,O3,71.1,348
Hajipur,Bihar,FY2024-25,PM10,170.3,348
Hajipur,Bihar,FY2024-25,PM2.5,85.297,348
Hajipur,Bihar,FY2025-26,CO,0.9,328
Hajipur,Bihar,FY2025-26,NO2,20.3,328
Hajipur,Bihar,FY2025-26,O3,83.9,328
Hajipur,Bihar,FY2025-26,PM10,96.3,328
Hajipur,Bihar,FY2025-26,PM2.5,63.102,328
Haldia,West Bengal,FY2024-25,CO,1.1,358
Haldia,West Bengal,FY2024-25,NO2,17.2,358
Haldia,West Bengal,FY2024-25,O3,31.5,358
Haldia,West Bengal,FY2024-25,PM10,83.9,358
Haldia,West Bengal,FY2024-25,PM2.5,41.287,358
Haldia,West Bengal,FY2025-26,CO,0.9,363
Haldia,West Bengal,FY2025-26,NO2,14.3,363
Haldia,West Bengal,FY2025-26,O3,32.1,363
Haldia,West Bengal,FY2025-26,PM10,80.5,363
Haldia,West Bengal,FY2025-26,PM2.5,42.014,363
Hanumangarh,Rajasthan,FY2024-25,CO,1.3,313
Hanumangarh,Rajasthan,FY2024-25,NO2,23.0,313
Hanumangarh,Rajasthan,FY2024-25,O3,47.3,313
Hanumangarh,Rajasthan,FY2024-25,PM10,150.9,313
Hanumangarh,Rajasthan,FY2024-25,PM2.5,60.713,313
Hanumangarh,Rajasthan,FY2025-26,CO,1.2,344
Hanumangarh,Rajasthan,FY2025-26,NO2,25.9,344
Hanumangarh,Rajasthan,FY2025-26,O3,55.6,344
Hanumangarh,Rajasthan,FY2025-26,PM10,129.3,344
Hanumangarh,Rajasthan,FY2025-26,PM2.5,44.852,344
Hapur,Uttar Pradesh,FY2024-25,CO,1.2,348
Hapur,Uttar Pradesh,FY2024-25,NO2,34.9,348
Hapur,Uttar Pradesh,FY2024-25,O3,52.0,348
Hapur,Uttar Pradesh,FY2024-25,PM10,119.0,348
Hapur,Uttar Pradesh,FY2024-25,PM2.5,59.421,348
Hapur,Uttar Pradesh,FY2025-26,CO,1.5,349
Hapur,Uttar Pradesh,FY2025-26,NO2,29.9,349
Hapur,Uttar Pradesh,FY2025-26,O3,44.3,349
Hapur,Uttar Pradesh,FY2025-26,PM10,123.2,349
Hapur,Uttar Pradesh,FY2025-26,PM2.5,72.956,349
Howrah,West Bengal,FY2024-25,CO,0.9,364
Howrah,West Bengal,FY2024-25,NO2,24.1,364
Howrah,West Bengal,FY2024-25,O3,43.0,364
Howrah,West Bengal,FY2024-25,PM10,112.4,364
Howrah,West Bengal,FY2024-25,PM2.5,57.715,364
Howrah,West Bengal,FY2025-26,CO,1.2,365
Howrah,West Bengal,FY2025-26,NO2,25.7,365
Howrah,West Bengal,FY2025-26,O3,43.2,365
Howrah,West Bengal,FY2025-26,PM10,98.4,365
Howrah,West Bengal,FY2025-26,PM2.5,48.573,365
Hubballi,Karnataka,FY2024-25,CO,0.6,346
Hubballi,Karnataka,FY2024-25,NO2,13.3,346
Hubballi,Karnataka,FY2024-25,O3,23.5,346
Hubballi,Karnataka,FY2024-25,PM10,53.7,346
Hubballi,Karnataka,FY2024-25,PM2.5,25.528,346
Hubballi,Karnataka,FY2025-26,CO,0.3,350
Hubballi,Karnataka,FY2025-26,NO2,8.3,350
Hubballi,Karnataka,FY2025-26,O3,18.8,350
Hubballi,Karnataka,FY2025-26,PM10,49.4,350
Hubballi,Karnataka,FY2025-26,PM2.5,21.803,350
Hyderabad,Telangana,FY2024-25,CO,1.0,364
Hyderabad,Telangana,FY2024-25,NO2,19.0,364
Hyderabad,Telangana,FY2024-25,O3,33.6,364
Hyderabad,Telangana,FY2024-25,PM10,79.8,364
Hyderabad,Telangana,FY2024-25,PM2.5,33.822,364
Hyderabad,Telangana,FY2025-26,CO,1.0,365
Hyderabad,Telangana,FY2025-26,NO2,16.0,365
Hyderabad,Telangana,FY2025-26,O3,32.8,365
Hyderabad,Telangana,FY2025-26,PM10,79.6,365
Hyderabad,Telangana,FY2025-26,PM2.5,34.997,365
Imphal,Manipur,FY2024-25,CO,0.3,267
Imphal,Manipur,FY2024-25,NO2,7.2,267
Imphal,Manipur,FY2024-25,O3,16.3,267
Imphal,Manipur,FY2024-25,PM10,37.3,267
Imphal,Manipur,FY2024-25,PM2.5,35.141,267
Imphal,Manipur,FY2025-26,CO,0.2,80
Imphal,Manipur,FY2025-26,NO2,7.0,80
Imphal,Manipur,FY2025-26,O3,15.3,80
Imphal,Manipur,FY2025-26,PM10,38.4,80
Imphal,Manipur,FY2025-26,PM2.5,8.817,80
Indore,Madhya Pradesh,FY2024-25,CO,1.0,364
Indore,Madhya Pradesh,FY2024-25,NO2,26.3,364
Indore,Madhya Pradesh,FY2024-25,O3,27.4,364
Indore,Madhya Pradesh,FY2024-25,PM10,80.6,364
Indore,Madhya Pradesh,FY2024-25,PM2.5,35.63,364
Indore,Madhya Pradesh,FY2025-26,CO,0.8,365
Indore,Madhya Pradesh,FY2025-26,NO2,28.6,365
Indore,Madhya Pradesh,FY2025-26,O3,21.6,365
Indore,Madhya Pradesh,FY2025-26,PM10,70.0,365
Indore,Madhya Pradesh,FY2025-26,PM2.5,37.375,365
Jabalpur,Madhya Pradesh,FY2024-25,CO,1.4,363
Jabalpur,Madhya Pradesh,FY2024-25,NO2,25.3,363
Jabalpur,Madhya Pradesh,FY2024-25,O3,67.4,363
Jabalpur,Madhya Pradesh,FY2024-25,PM10,75.5,363
Jabalpur,Madhya Pradesh,FY2024-25,PM2.5,36.249,363
Jabalpur,Madhya Pradesh,FY2025-26,CO,1.4,365
Jabalpur,Madhya Pradesh,FY2025-26,NO2,26.8,365
Jabalpur,Madhya Pradesh,FY2025-26,O3,57.0,365
Jabalpur,Madhya Pradesh,FY2025-26,PM10,76.5,365
Jabalpur,Madhya Pradesh,FY2025-26,PM2.5,36.378,365
Jaipur,Rajasthan,FY2024-25,CO,1.3,364
Jaipur,Rajasthan,FY2024-25,NO2,36.9,364
Jaipur,Rajasthan,FY2024-25,O3,72.8,364
Jaipur,Rajasthan,FY2024-25,PM10,123.4,364
Jaipur,Rajasthan,FY2024-25,PM2.5,53.118,364
Jaipur,Rajasthan,FY2025-26,CO,1.4,365
Jaipur,Rajasthan,FY2025-26,NO2,43.4,365
Jaipur,Rajasthan,FY2025-26,O3,65.5,365
Jaipur,Rajasthan,FY2025-26,PM10,120.6,365
Jaipur,Rajasthan,FY2025-26,PM2.5,54.359,365
Jaisalmer,Rajasthan,FY2024-25,CO,0.8,357
Jaisalmer,Rajasthan,FY2024-25,NO2,22.1,357
Jaisalmer,Rajasthan,FY2024-25,O3,78.4,357
Jaisalmer,Rajasthan,FY2024-25,PM10,122.9,357
Jaisalmer,Rajasthan,FY2024-25,PM2.5,37.555,357
Jaisalmer,Rajasthan,FY2025-26,CO,0.8,365
Jaisalmer,Rajasthan,FY2025-26,NO2,16.1,365
Jaisalmer,Rajasthan,FY2025-26,O3,73.1,365
Jaisalmer,Rajasthan,FY2025-26,PM10,124.5,365
Jaisalmer,Rajasthan,FY2025-26,PM2.5,38.479,365
Jalandhar,Punjab,FY2024-25,CO,1.1,359
Jalandhar,Punjab,FY2024-25,NO2,24.8,359
Jalandhar,Punjab,FY2024-25,O3,52.3,359
Jalandhar,Punjab,FY2024-25,PM10,102.6,359
Jalandhar,Punjab,FY2024-25,PM2.5,44.932,359
Jalandhar,Punjab,FY2025-26,CO,1.0,362
Jalandhar,Punjab,FY2025-26,NO2,25.8,362
Jalandhar,Punjab,FY2025-26,O3,53.8,362
Jalandhar,Punjab,FY2025-26,PM10,100.9,362
Jalandhar,Punjab,FY2025-26,PM2.5,46.879,362
Jalgaon,Maharashtra,FY2024-25,CO,0.8,352
Jalgaon,Maharashtra,FY2024-25,NO2,21.2,352
Jalgaon,Maharashtra,FY2024-25,O3,65.0,352
Jalgaon,Maharashtra,FY2024-25,PM10,110.2,352
Jalgaon,Maharashtra,FY2024-25,PM2.5,48.06,352
Jalgaon,Maharashtra,FY2025-26,CO,0.7,349
Jalgaon,Maharashtra,FY2025-26,NO2,9.7,349
Jalgaon,Maharashtra,FY2025-26,O3,58.7,349
Jalgaon,Maharashtra,FY2025-26,PM10,86.1,349
Jalgaon,Maharashtra,FY2025-26,PM2.5,42.753,349
Jalna,Maharashtra,FY2024-25,CO,0.4,306
Jalna,Maharashtra,FY2024-25,NO2,18.1,306
Jalna,Maharashtra,FY2024-25,O3,48.8,306
Jalna,Maharashtra,FY2024-25,PM10,97.2,306
Jalna,Maharashtra,FY2024-25,PM2.5,49.778,306
Jalna,Maharashtra,FY2025-26,CO,0.4,282
Jalna,Maharashtra,FY2025-26,NO2,26.7,282
Jalna,Maharashtra,FY2025-26,O3,51.1,282
Jalna,Maharashtra,FY2025-26,PM10,79.0,282
Jalna,Maharashtra,FY2025-26,PM2.5,38.075,282
Jalore,Rajasthan,FY2024-25,CO,0.7,348
Jalore,Rajasthan,FY2024-25,NO2,23.2,348
Jalore,Rajasthan,FY2024-25,O3,75.5,348
Jalore,Rajasthan,FY2024-25,PM10,119.3,348
Jalore,Rajasthan,FY2024-25,PM2.5,39.729,348
Jalore,Rajasthan,FY2025-26,CO,1.0,358
Jalore,Rajasthan,FY2025-26,NO2,23.7,358
Jalore,Rajasthan,FY2025-26,O3,71.4,358
Jalore,Rajasthan,FY2025-26,PM10,121.2,358
Jalore,Rajasthan,FY2025-26,PM2.5,38.775,358
Jhalawar,Rajasthan,FY2024-25,CO,1.2,354
Jhalawar,Rajasthan,FY2024-25,NO2,21.9,354
Jhalawar,Rajasthan,FY2024-25,O3,72.7,354
Jhalawar,Rajasthan,FY2024-25,PM10,94.2,354
Jhalawar,Rajasthan,FY2024-25,PM2.5,40.249,354
Jhalawar,Rajasthan,FY2025-26,CO,1.3,361
Jhalawar,Rajasthan,FY2025-26,NO2,39.3,361
Jhalawar,Rajasthan,FY2025-26,O3,83.0,361
Jhalawar,Rajasthan,FY2025-26,PM10,85.6,361
Jhalawar,Rajasthan,FY2025-26,PM2.5,42.553,361
Jhansi,Uttar Pradesh,FY2024-25,CO,0.6,328
Jhansi,Uttar Pradesh,FY2024-25,NO2,8.4,328
Jhansi,Uttar Pradesh,FY2024-25,O3,22.4,328
Jhansi,Uttar Pradesh,FY2024-25,PM10,65.6,328
Jhansi,Uttar Pradesh,FY2024-25,PM2.5,33.289,328
Jhansi,Uttar Pradesh,FY2025-26,CO,0.5,356
Jhansi,Uttar Pradesh,FY2025-26,NO2,5.0,356
Jhansi,Uttar Pradesh,FY2025-26,O3,13.7,356
Jhansi,Uttar Pradesh,FY2025-26,PM10,71.6,356
Jhansi,Uttar Pradesh,FY2025-26,PM2.5,34.121,356
Jhunjhunu,Rajasthan,FY2024-25,CO,1.0,357
Jhunjhunu,Rajasthan,FY2024-25,NO2,23.0,357
Jhunjhunu,Rajasthan,FY2024-25,O3,82.2,357
Jhunjhunu,Rajasthan,FY2024-25,PM10,135.7,357
Jhunjhunu,Rajasthan,FY2024-25,PM2.5,52.529,357
Jhunjhunu,Rajasthan,FY2025-26,CO,0.9,360
Jhunjhunu,Rajasthan,FY2025-26,NO2,22.9,360
Jhunjhunu,Rajasthan,FY2025-26,O3,86.9,360
Jhunjhunu,Rajasthan,FY2025-26,PM10,132.4,360
Jhunjhunu,Rajasthan,FY2025-26,PM2.5,41.485,360
Jodhpur,Rajasthan,FY2024-25,CO,1.0,364
Jodhpur,Rajasthan,FY2024-25,NO2,22.2,364
Jodhpur,Rajasthan,FY2024-25,O3,73.1,364
Jodhpur,Rajasthan,FY2024-25,PM10,118.8,364
Jodhpur,Rajasthan,FY2024-25,PM2.5,40.49,364
Jodhpur,Rajasthan,FY2025-26,CO,0.9,365
Jodhpur,Rajasthan,FY2025-26,NO2,17.4,365
Jodhpur,Rajasthan,FY2025-26,O3,68.9,365
Jodhpur,Rajasthan,FY2025-26,PM10,101.6,365
Jodhpur,Rajasthan,FY2025-26,PM2.5,38.293,365
Kadapa,Andhra Pradesh,FY2024-25,CO,0.6,236
Kadapa,Andhra Pradesh,FY2024-25,NO2,8.4,236
Kadapa,Andhra Pradesh,FY2024-25,O3,40.7,236
Kadapa,Andhra Pradesh,FY2024-25,PM10,60.1,236
Kadapa,Andhra Pradesh,FY2024-25,PM2.5,37.463,236
Kadapa,Andhra Pradesh,FY2025-26,CO,0.7,314
Kadapa,Andhra Pradesh,FY2025-26,NO2,14.4,314
Kadapa,Andhra Pradesh,FY2025-26,O3,30.1,314
Kadapa,Andhra Pradesh,FY2025-26,PM10,70.1,314
Kadapa,Andhra Pradesh,FY2025-26,PM2.5,42.24,314
Kalaburagi,Karnataka,FY2024-25,CO,0.9,354
Kalaburagi,Karnataka,FY2024-25,NO2,9.6,354
Kalaburagi,Karnataka,FY2024-25,O3,29.8,354
Kalaburagi,Karnataka,FY2024-25,PM10,54.7,354
Kalaburagi,Karnataka,FY2024-25,PM2.5,20.937,354
Kalaburagi,Karnataka,FY2025-26,CO,1.0,360
Kalaburagi,Karnataka,FY2025-26,NO2,11.0,360
Kalaburagi,Karnataka,FY2025-26,O3,22.8,360
Kalaburagi,Karnataka,FY2025-26,PM10,49.1,360
Kalaburagi,Karnataka,FY2025-26,PM2.5,23.216,360
Kalyan,Maharashtra,FY2024-25,CO,0.8,358
Kalyan,Maharashtra,FY2024-25,NO2,12.1,358
Kalyan,Maharashtra,FY2024-25,O3,31.1,358
Kalyan,Maharashtra,FY2024-25,PM10,93.0,358
Kalyan,Maharashtra,FY2024-25,PM2.5,29.474,358
Kalyan,Maharashtra,FY2025-26,CO,0.8,341
Kalyan,Maharashtra,FY2025-26,NO2,14.3,341
Kalyan,Maharashtra,FY2025-26,O3,25.3,341
Kalyan,Maharashtra,FY2025-26,PM10,95.4,341
Kalyan,Maharashtra,FY2025-26,PM2.5,35.415,341
Kannur,Kerala,FY2024-25,CO,0.9,189
Kannur,Kerala,FY2024-25,NO2,8.3,189
Kannur,Kerala,FY2024-25,O3,30.6,189
Kannur,Kerala,FY2024-25,PM10,56.0,189
Kannur,Kerala,FY2024-25,PM2.5,30.414,189
Kannur,Kerala,FY2025-26,CO,0.1,286
Kannur,Kerala,FY2025-26,NO2,12.6,286
Kannur,Kerala,FY2025-26,O3,30.2,286
Kannur,Kerala,FY2025-26,PM10,66.3,286
Kannur,Kerala,FY2025-26,PM2.5,35.344,286
Kanpur,Uttar Pradesh,FY2024-25,CO,1.1,364
Kanpur,Uttar Pradesh,FY2024-25,NO2,21.1,364
Kanpur,Uttar Pradesh,FY2024-25,O3,42.5,364
Kanpur,Uttar Pradesh,FY2024-25,PM10,94.5,364
Kanpur,Uttar Pradesh,FY2024-25,PM2.5,45.526,364
Kanpur,Uttar Pradesh,FY2025-26,CO,1.0,364
Kanpur,Uttar Pradesh,FY2025-26,NO2,24.2,364
Kanpur,Uttar Pradesh,FY2025-26,O3,27.1,364
Kanpur,Uttar Pradesh,FY2025-26,PM10,87.8,364
Kanpur,Uttar Pradesh,FY2025-26,PM2.5,45.164,364
Karauli,Rajasthan,FY2024-25,CO,0.8,308
Karauli,Rajasthan,FY2024-25,NO2,17.6,308
Karauli,Rajasthan,FY2024-25,O3,88.0,308
Karauli,Rajasthan,FY2024-25,PM10,97.2,308
Karauli,Rajasthan,FY2024-25,PM2.5,36.862,308
Karauli,Rajasthan,FY2025-26,CO,1.0,348
Karauli,Rajasthan,FY2025-26,NO2,21.4,348
Karauli,Rajasthan,FY2025-26,O3,64.5,348
Karauli,Rajasthan,FY2025-26,PM10,88.4,348
Karauli,Rajasthan,FY2025-26,PM2.5,36.527,348
Karnal,Haryana,FY2024-25,CO,1.2,258
Karnal,Haryana,FY2024-25,NO2,8.0,258
Karnal,Haryana,FY2024-25,O3,38.0,258
Karnal,Haryana,FY2024-25,PM10,93.0,258
Karnal,Haryana,FY2024-25,PM2.5,48.231,258
Karnal,Haryana,FY2025-26,CO,0.8,173
Karnal,Haryana,FY2025-26,NO2,5.9,173
Karnal,Haryana,FY2025-26,O3,34.8,173
Karnal,Haryana,FY2025-26,PM10,140.4,173
Karnal,Haryana,FY2025-26,PM2.5,82.3,173
Kashipur,Uttarakhand,FY2024-25,CO,1.1,331
Kashipur,Uttarakhand,FY2024-25,NO2,17.4,331
Kashipur,Uttarakhand,FY2024-25,O3,37.5,331
Kashipur,Uttarakhand,FY2024-25,PM10,92.7,331
Kashipur,Uttarakhand,FY2024-25,PM2.5,46.13,331
Kashipur,Uttarakhand,FY2025-26,CO,0.8,278
Kashipur,Uttarakhand,FY2025-26,NO2,12.3,278
Kashipur,Uttarakhand,FY2025-26,O3,22.0,278
Kashipur,Uttarakhand,FY2025-26,PM10,78.4,278
Kashipur,Uttarakhand,FY2025-26,PM2.5,47.573,278
Katihar,Bihar,FY2024-25,CO,0.7,289
Katihar,Bihar,FY2024-25,NO2,9.5,289
Katihar,Bihar,FY2024-25,O3,22.7,289
Katihar,Bihar,FY2024-25,PM10,94.9,289
Katihar,Bihar,FY2024-25,PM2.5,45.204,289
Katihar,Bihar,FY2025-26,CO,1.3,287
Katihar,Bihar,FY2025-26,NO2,10.0,287
Katihar,Bihar,FY2025-26,O3,13.1,287
Katihar,Bihar,FY2025-26,PM10,65.5,287
Katihar,Bihar,FY2025-26,PM2.5,40.252,287
Katni,Madhya Pradesh,FY2024-25,CO,1.4,357
Katni,Madhya Pradesh,FY2024-25,NO2,40.6,357
Katni,Madhya Pradesh,FY2024-25,O3,73.7,357
Katni,Madhya Pradesh,FY2024-25,PM10,114.9,357
Katni,Madhya Pradesh,FY2024-25,PM2.5,37.792,357
Katni,Madhya Pradesh,FY2025-26,CO,1.3,362
Katni,Madhya Pradesh,FY2025-26,NO2,26.6,362
Katni,Madhya Pradesh,FY2025-26,O3,74.3,362
Katni,Madhya Pradesh,FY2025-26,PM10,105.8,362
Katni,Madhya Pradesh,FY2025-26,PM2.5,40.597,362
Keonjhar,Odisha,FY2024-25,CO,1.0,302
Keonjhar,Odisha,FY2024-25,NO2,13.2,302
Keonjhar,Odisha,FY2024-25,O3,41.3,302
Keonjhar,Odisha,FY2024-25,PM10,73.7,302
Keonjhar,Odisha,FY2024-25,PM2.5,33.641,302
Keonjhar,Odisha,FY2025-26,CO,1.3,327
Keonjhar,Odisha,FY2025-26,NO2,15.0,327
Keonjhar,Odisha,FY2025-26,O3,24.8,327
Keonjhar,Odisha,FY2025-26,PM10,99.9,327
Keonjhar,Odisha,FY2025-26,PM2.5,31.411,327
Khanna,Punjab,FY2024-25,CO,0.8,358
Khanna,Punjab,FY2024-25,NO2,22.6,358
Khanna,Punjab,FY2024-25,O3,40.5,358
Khanna,Punjab,FY2024-25,PM10,97.8,358
Khanna,Punjab,FY2024-25,PM2.5,48.706,358
Khanna,Punjab,FY2025-26,CO,1.0,353
Khanna,Punjab,FY2025-26,NO2,22.4,353
Khanna,Punjab,FY2025-26,O3,39.4,353
Khanna,Punjab,FY2025-26,PM10,94.1,353
Khanna,Punjab,FY2025-26,PM2.5,48.501,353
Khurja,Uttar Pradesh,FY2024-25,CO,1.0,319
Khurja,Uttar Pradesh,FY2024-25,NO2,4.4,319
Khurja,Uttar Pradesh,FY2024-25,O3,24.5,319
Khurja,Uttar Pradesh,FY2024-25,PM10,146.3,319
Khurja,Uttar Pradesh,FY2024-25,PM2.5,53.097,319
Khurja,Uttar Pradesh,FY2025-26,CO,1.1,334
Khurja,Uttar Pradesh,FY2025-26,NO2,4.0,334
Khurja,Uttar Pradesh,FY2025-26,O3,22.0,334
Khurja,Uttar Pradesh,FY2025-26,PM10,141.6,334
Khurja,Uttar Pradesh,FY2025-26,PM2.5,52.916,334
Kishanganj,Bihar,FY2024-25,CO,0.7,275
Kishanganj,Bihar,FY2024-25,NO2,24.8,275
Kishanganj,Bihar,FY2024-25,O3,33.5,275
Kishanganj,Bihar,FY2024-25,PM10,129.7,275
Kishanganj,Bihar,FY2024-25,PM2.5,34.687,275
Kishanganj,Bihar,FY2025-26,CO,0.4,273
Kishanganj,Bihar,FY2025-26,NO2,7.1,273
Kishanganj,Bihar,FY2025-26,O3,19.9,273
Kishanganj,Bihar,FY2025-26,PM10,90.1,273
Kishanganj,Bihar,FY2025-26,PM2.5,39.701,273
Kohima,Nagaland,FY2024-25,CO,0.2,320
Kohima,Nagaland,FY2024-25,NO2,3.0,320
Kohima,Nagaland,FY2024-25,O3,13.4,320
Kohima,Nagaland,FY2024-25,PM10,70.9,320
Kohima,Nagaland,FY2024-25,PM2.5,38.909,320
Kohima,Nagaland,FY2025-26,CO,0.0,338
Kohima,Nagaland,FY2025-26,NO2,3.0,338
Kohima,Nagaland,FY2025-26,O3,12.1,338
Kohima,Nagaland,FY2025-26,PM10,43.4,338
Kohima,Nagaland,FY2025-26,PM2.5,25.19,338
Kolhapur,Maharashtra,FY2024-25,CO,0.7,362
Kolhapur,Maharashtra,FY2024-25,NO2,17.0,362
Kolhapur,Maharashtra,FY2024-25,O3,54.5,362
Kolhapur,Maharashtra,FY2024-25,PM10,82.7,362
Kolhapur,Maharashtra,FY2024-25,PM2.5,39.058,362
Kolhapur,Maharashtra,FY2025-26,CO,0.4,352
Kolhapur,Maharashtra,FY2025-26,NO2,16.2,352
Kolhapur,Maharashtra,FY2025-26,O3,38.1,352
Kolhapur,Maharashtra,FY2025-26,PM10,62.7,352
Kolhapur,Maharashtra,FY2025-26,PM2.5,30.357,352
Kolkata,West Bengal,FY2024-25,CO,1.0,364
Kolkata,West Bengal,FY2024-25,NO2,30.7,364
Kolkata,West Bengal,FY2024-25,O3,46.8,364
Kolkata,West Bengal,FY2024-25,PM10,88.9,364
Kolkata,West Bengal,FY2024-25,PM2.5,42.101,364
Kolkata,West Bengal,FY2025-26,CO,1.1,365
Kolkata,West Bengal,FY2025-26,NO2,33.0,365
Kolkata,West Bengal,FY2025-26,O3,38.4,365
Kolkata,West Bengal,FY2025-26,PM10,88.9,365
Kolkata,West Bengal,FY2025-26,PM2.5,46.951,365
Kollam,Kerala,FY2024-25,CO,0.0,259
Kollam,Kerala,FY2024-25,NO2,7.0,259
Kollam,Kerala,FY2024-25,O3,34.4,259
Kollam,Kerala,FY2024-25,PM10,66.9,259
Kollam,Kerala,FY2024-25,PM2.5,35.249,259
Kollam,Kerala,FY2025-26,CO,0.0,225
Kollam,Kerala,FY2025-26,NO2,7.0,225
Kollam,Kerala,FY2025-26,O3,33.9,225
Kollam,Kerala,FY2025-26,PM10,70.7,225
Kollam,Kerala,FY2025-26,PM2.5,35.715,225
Koppal,Karnataka,FY2024-25,CO,0.9,278
Koppal,Karnataka,FY2024-25,NO2,25.8,278
Koppal,Karnataka,FY2024-25,O3,36.9,278
Koppal,Karnataka,FY2024-25,PM10,30.1,278
Koppal,Karnataka,FY2024-25,PM2.5,15.978,278
Koppal,Karnataka,FY2025-26,CO,0.9,169
Koppal,Karnataka,FY2025-26,NO2,23.9,169
Koppal,Karnataka,FY2025-26,O3,22.5,169
Koppal,Karnataka,FY2025-26,PM10,36.1,169
Koppal,Karnataka,FY2025-26,PM2.5,11.736,169
Korba,Chhattisgarh,FY2024-25,CO,1.0,349
Korba,Chhattisgarh,FY2024-25,NO2,32.2,349
Korba,Chhattisgarh,FY2024-25,O3,17.8,349
Korba,Chhattisgarh,FY2024-25,PM10,77.3,349
Korba,Chhattisgarh,FY2024-25,PM2.5,27.167,349
Korba,Chhattisgarh,FY2025-26,CO,0.8,356
Korba,Chhattisgarh,FY2025-26,NO2,22.0,356
Korba,Chhattisgarh,FY2025-26,O3,20.2,356
Korba,Chhattisgarh,FY2025-26,PM10,70.2,356
Korba,Chhattisgarh,FY2025-26,PM2.5,32.331,356
Kota,Rajasthan,FY2024-25,CO,1.4,364
Kota,Rajasthan,FY2024-25,NO2,32.2,364
Kota,Rajasthan,FY2024-25,O3,63.8,364
Kota,Rajasthan,FY2024-25,PM10,116.0,364
Kota,Rajasthan,FY2024-25,PM2.5,51.811,364
Kota,Rajasthan,FY2025-26,CO,1.3,365
Kota,Rajasthan,FY2025-26,NO2,24.9,365
Kota,Rajasthan,FY2025-26,O3,64.1,365
Kota,Rajasthan,FY2025-26,PM10,113.9,365
Kota,Rajasthan,FY2025-26,PM2.5,53.123,365
Kunjemura,Chhattisgarh,FY2024-25,CO,1.0,329
Kunjemura,Chhattisgarh,FY2024-25,NO2,25.3,329
Kunjemura,Chhattisgarh,FY2024-25,O3,18.5,329
Kunjemura,Chhattisgarh,FY2024-25,PM10,126.3,329
Kunjemura,Chhattisgarh,FY2024-25,PM2.5,35.281,329
Kunjemura,Chhattisgarh,FY2025-26,CO,0.9,339
Kunjemura,Chhattisgarh,FY2025-26,NO2,16.3,339
Kunjemura,Chhattisgarh,FY2025-26,O3,26.3,339
Kunjemura,Chhattisgarh,FY2025-26,PM10,81.8,339
Kunjemura,Chhattisgarh,FY2025-26,PM2.5,24.145,339
Kurukshetra,Haryana,FY2024-25,CO,0.6,259
Kurukshetra,Haryana,FY2024-25,NO2,15.0,259
Kurukshetra,Haryana,FY2024-25,O3,65.5,259
Kurukshetra,Haryana,FY2024-25,PM10,115.3,259
Kurukshetra,Haryana,FY2024-25,PM2.5,55.708,259
Kurukshetra,Haryana,FY2025-26,CO,1.0,175
Kurukshetra,Haryana,FY2025-26,NO2,12.8,175
Kurukshetra,Haryana,FY2025-26,O3,44.5,175
Kurukshetra,Haryana,FY2025-26,PM10,162.4,175
Kurukshetra,Haryana,FY2025-26,PM2.5,78.913,175
Latur,Maharashtra,FY2024-25,CO,0.9,359
Latur,Maharashtra,FY2024-25,NO2,20.1,359
Latur,Maharashtra,FY2024-25,O3,59.4,359
Latur,Maharashtra,FY2024-25,PM10,77.0,359
Latur,Maharashtra,FY2024-25,PM2.5,39.625,359
Latur,Maharashtra,FY2025-26,CO,0.7,349
Latur,Maharashtra,FY2025-26,NO2,20.3,349
Latur,Maharashtra,FY2025-26,O3,53.6,349
Latur,Maharashtra,FY2025-26,PM10,63.1,349
Latur,Maharashtra,FY2025-26,PM2.5,33.691,349
Lucknow,Uttar Pradesh,FY2024-25,CO,1.0,364
Lucknow,Uttar Pradesh,FY2024-25,NO2,16.0,364
Lucknow,Uttar Pradesh,FY2024-25,O3,45.4,364
Lucknow,Uttar Pradesh,FY2024-25,PM10,123.1,364
Lucknow,Uttar Pradesh,FY2024-25,PM2.5,60.808,364
Lucknow,Uttar Pradesh,FY2025-26,CO,1.0,365
Lucknow,Uttar Pradesh,FY2025-26,NO2,22.2,365
Lucknow,Uttar Pradesh,FY2025-26,O3,47.6,365
Lucknow,Uttar Pradesh,FY2025-26,PM10,113.0,365
Lucknow,Uttar Pradesh,FY2025-26,PM2.5,54.416,365
Ludhiana,Punjab,FY2024-25,CO,1.5,360
Ludhiana,Punjab,FY2024-25,NO2,18.5,360
Ludhiana,Punjab,FY2024-25,O3,27.4,360
Ludhiana,Punjab,FY2024-25,PM10,112.1,360
Ludhiana,Punjab,FY2024-25,PM2.5,58.375,360
Ludhiana,Punjab,FY2025-26,CO,1.1,358
Ludhiana,Punjab,FY2025-26,NO2,30.5,358
Ludhiana,Punjab,FY2025-26,O3,33.5,358
Ludhiana,Punjab,FY2025-26,PM10,106.8,358
Ludhiana,Punjab,FY2025-26,PM2.5,53.649,358
Madikeri,Karnataka,FY2024-25,CO,0.3,354
Madikeri,Karnataka,FY2024-25,NO2,7.0,354
Madikeri,Karnataka,FY2024-25,O3,14.4,354
Madikeri,Karnataka,FY2024-25,PM10,30.8,354
Madikeri,Karnataka,FY2024-25,PM2.5,17.748,354
Madikeri,Karnataka,FY2025-26,CO,0.0,348
Madikeri,Karnataka,FY2025-26,NO2,7.9,348
Madikeri,Karnataka,FY2025-26,O3,4.7,348
Madikeri,Karnataka,FY2025-26,PM10,29.9,348
Madikeri,Karnataka,FY2025-26,PM2.5,19.496,348
Madurai,Tamil Nadu,FY2024-25,CO,0.2,160
Madurai,Tamil Nadu,FY2024-25,NO2,13.1,160
Madurai,Tamil Nadu,FY2024-25,O3,6.1,160
Madurai,Tamil Nadu,FY2024-25,PM10,57.0,160
Madurai,Tamil Nadu,FY2024-25,PM2.5,27.013,160
Madurai,Tamil Nadu,FY2025-26,CO,0.2,262
Madurai,Tamil Nadu,FY2025-26,NO2,11.7,262
Madurai,Tamil Nadu,FY2025-26,O3,4.5,262
Madurai,Tamil Nadu,FY2025-26,PM10,49.1,262
Madurai,Tamil Nadu,FY2025-26,PM2.5,17.658,262
Mahad,Maharashtra,FY2024-25,CO,0.6,333
Mahad,Maharashtra,FY2024-25,NO2,14.7,333
Mahad,Maharashtra,FY2024-25,O3,61.3,333
Mahad,Maharashtra,FY2024-25,PM10,91.5,333
Mahad,Maharashtra,FY2024-25,PM2.5,45.947,333
Mahad,Maharashtra,FY2025-26,CO,0.8,344
Mahad,Maharashtra,FY2025-26,NO2,19.7,344
Mahad,Maharashtra,FY2025-26,O3,52.7,344
Mahad,Maharashtra,FY2025-26,PM10,84.0,344
Mahad,Maharashtra,FY2025-26,PM2.5,39.0,344
Malegaon,Maharashtra,FY2024-25,CO,0.7,339
Malegaon,Maharashtra,FY2024-25,NO2,17.2,339
Malegaon,Maharashtra,FY2024-25,O3,55.7,339
Malegaon,Maharashtra,FY2024-25,PM10,106.7,339
Malegaon,Maharashtra,FY2024-25,PM2.5,50.89,339
Malegaon,Maharashtra,FY2025-26,CO,1.1,331
Malegaon,Maharashtra,FY2025-26,NO2,15.8,331
Malegaon,Maharashtra,FY2025-26,O3,52.1,331
Malegaon,Maharashtra,FY2025-26,PM10,97.3,331
Malegaon,Maharashtra,FY2025-26,PM2.5,43.14,331
Mandi Gobindgarh,Punjab,FY2024-25,CO,1.4,316
Mandi Gobindgarh,Punjab,FY2024-25,NO2,22.9,316
Mandi Gobindgarh,Punjab,FY2024-25,O3,49.8,316
Mandi Gobindgarh,Punjab,FY2024-25,PM10,136.1,316
Mandi Gobindgarh,Punjab,FY2024-25,PM2.5,73.247,316
Mandi Gobindgarh,Punjab,FY2025-26,CO,1.8,319
Mandi Gobindgarh,Punjab,FY2025-26,NO2,19.5,319
Mandi Gobindgarh,Punjab,FY2025-26,O3,43.5,319
Mandi Gobindgarh,Punjab,FY2025-26,PM10,127.1,319
Mandi Gobindgarh,Punjab,FY2025-26,PM2.5,63.104,319
Mandideep,Madhya Pradesh,FY2024-25,CO,1.2,345
Mandideep,Madhya Pradesh,FY2024-25,NO2,39.8,345
Mandideep,Madhya Pradesh,FY2024-25,O3,37.0,345
Mandideep,Madhya Pradesh,FY2024-25,PM10,142.1,345
Mandideep,Madhya Pradesh,FY2024-25,PM2.5,63.743,345
Mandideep,Madhya Pradesh,FY2025-26,CO,1.2,323
Mandideep,Madhya Pradesh,FY2025-26,NO2,54.2,323
Mandideep,Madhya Pradesh,FY2025-26,O3,54.7,323
Mandideep,Madhya Pradesh,FY2025-26,PM10,142.2,323
Mandideep,Madhya Pradesh,FY2025-26,PM2.5,66.681,323
Mangalore,Karnataka,FY2024-25,CO,0.6,319
Mangalore,Karnataka,FY2024-25,NO2,7.9,319
Mangalore,Karnataka,FY2024-25,O3,27.7,319
Mangalore,Karnataka,FY2024-25,PM10,62.0,319
Mangalore,Karnataka,FY2024-25,PM2.5,27.423,319
Mangalore,Karnataka,FY2025-26,CO,0.7,222
Mangalore,Karnataka,FY2025-26,NO2,7.7,222
Mangalore,Karnataka,FY2025-26,O3,28.6,222
Mangalore,Karnataka,FY2025-26,PM10,60.8,222
Mangalore,Karnataka,FY2025-26,PM2.5,32.232,222
Manguraha,Bihar,FY2024-25,CO,1.3,213
Manguraha,Bihar,FY2024-25,NO2,8.2,213
Manguraha,Bihar,FY2024-25,O3,15.8,213
Manguraha,Bihar,FY2024-25,PM10,89.9,213
Manguraha,Bihar,FY2024-25,PM2.5,36.211,213
Manguraha,Bihar,FY2025-26,CO,1.3,278
Manguraha,Bihar,FY2025-26,NO2,6.0,278
Manguraha,Bihar,FY2025-26,O3,19.9,278
Manguraha,Bihar,FY2025-26,PM10,82.9,278
Manguraha,Bihar,FY2025-26,PM2.5,35.244,278
Meerut,Uttar Pradesh,FY2024-25,CO,1.3,364
Meerut,Uttar Pradesh,FY2024-25,NO2,30.2,364
Meerut,Uttar Pradesh,FY2024-25,O3,64.2,364
Meerut,Uttar Pradesh,FY2024-25,PM10,134.4,364
Meerut,Uttar Pradesh,FY2024-25,PM2.5,56.63,364
Meerut,Uttar Pradesh,FY2025-26,CO,1.3,365
Meerut,Uttar Pradesh,FY2025-26,NO2,28.7,365
Meerut,Uttar Pradesh,FY2025-26,O3,80.8,365
Meerut,Uttar Pradesh,FY2025-26,PM10,158.5,365
Meerut,Uttar Pradesh,FY2025-26,PM2.5,68.6,365
Mira-Bhayandar,Maharashtra,FY2024-25,CO,0.7,324
Mira-Bhayandar,Maharashtra,FY2024-25,NO2,18.6,324
Mira-Bhayandar,Maharashtra,FY2024-25,O3,52.1,324
Mira-Bhayandar,Maharashtra,FY2024-25,PM10,95.5,324
Mira-Bhayandar,Maharashtra,FY2024-25,PM2.5,40.676,324
Mira-Bhayandar,Maharashtra,FY2025-26,CO,0.7,331
Mira-Bhayandar,Maharashtra,FY2025-26,NO2,23.2,331
Mira-Bhayandar,Maharashtra,FY2025-26,O3,44.4,331
Mira-Bhayandar,Maharashtra,FY2025-26,PM10,72.5,331
Mira-Bhayandar,Maharashtra,FY2025-26,PM2.5,31.258,331
Moradabad,Uttar Pradesh,FY2024-25,CO,1.0,364
Moradabad,Uttar Pradesh,FY2024-25,NO2,15.6,364
Moradabad,Uttar Pradesh,FY2024-25,O3,41.8,364
Moradabad,Uttar Pradesh,FY2024-25,PM10,85.5,364
Moradabad,Uttar Pradesh,FY2024-25,PM2.5,39.364,364
Moradabad,Uttar Pradesh,FY2025-26,CO,1.0,365
Moradabad,Uttar Pradesh,FY2025-26,NO2,19.4,365
Moradabad,Uttar Pradesh,FY2025-26,O3,41.4,365
Moradabad,Uttar Pradesh,FY2025-26,PM10,96.6,365
Moradabad,Uttar Pradesh,FY2025-26,PM2.5,44.123,365
Motihari,Bihar,FY2024-25,CO,0.8,286
Motihari,Bihar,FY2024-25,NO2,15.7,286
Motihari,Bihar,FY2024-25,O3,29.5,286
Motihari,Bihar,FY2024-25,PM10,96.9,286
Motihari,Bihar,FY2024-25,PM2.5,44.654,286
Motihari,Bihar,FY2025-26,CO,0.6,285
Motihari,Bihar,FY2025-26,NO2,6.0,285
Motihari,Bihar,FY2025-26,O3,6.8,285
Motihari,Bihar,FY2025-26,PM10,85.2,285
Motihari,Bihar,FY2025-26,PM2.5,39.16,285
Mumbai,Maharashtra,FY2024-25,CO,0.8,364
Mumbai,Maharashtra,FY2024-25,NO2,25.4,364
Mumbai,Maharashtra,FY2024-25,O3,43.1,364
Mumbai,Maharashtra,FY2024-25,PM10,90.9,364
Mumbai,Maharashtra,FY2024-25,PM2.5,35.334,364
Mumbai,Maharashtra,FY2025-26,CO,0.8,365
Mumbai,Maharashtra,FY2025-26,NO2,24.0,365
Mumbai,Maharashtra,FY2025-26,O3,35.6,365
Mumbai,Maharashtra,FY2025-26,PM10,83.1,365
Mumbai,Maharashtra,FY2025-26,PM2.5,32.721,365
Munger,Bihar,FY2024-25,CO,1.1,313
Munger,Bihar,FY2024-25,NO2,11.4,313
Munger,Bihar,FY2024-25,O3,16.7,313
Munger,Bihar,FY2024-25,PM10,117.0,313
Munger,Bihar,FY2024-25,PM2.5,62.704,313
Munger,Bihar,FY2025-26,CO,1.0,329
Munger,Bihar,FY2025-26,NO2,4.3,329
Munger,Bihar,FY2025-26,O3,12.7,329
Munger,Bihar,FY2025-26,PM10,63.5,329
Munger,Bihar,FY2025-26,PM2.5,38.934,329
Muzaffarnagar,Uttar Pradesh,FY2024-25,CO,1.1,353
Muzaffarnagar,Uttar Pradesh,FY2024-25,NO2,23.6,353
Muzaffarnagar,Uttar Pradesh,FY2024-25,O3,63.3,353
Muzaffarnagar,Uttar Pradesh,FY2024-25,PM10,158.2,353
Muzaffarnagar,Uttar Pradesh,FY2024-25,PM2.5,70.785,353
Muzaffarnagar,Uttar Pradesh,FY2025-26,CO,1.3,354
Muzaffarnagar,Uttar Pradesh,FY2025-26,NO2,33.4,354
Muzaffarnagar,Uttar Pradesh,FY2025-26,O3,72.9,354
Muzaffarnagar,Uttar Pradesh,FY2025-26,PM10,134.0,354
Muzaffarnagar,Uttar Pradesh,FY2025-26,PM2.5,74.514,354
Muzaffarpur,Bihar,FY2024-25,CO,1.2,364
Muzaffarpur,Bihar,FY2024-25,NO2,14.2,364
Muzaffarpur,Bihar,FY2024-25,O3,56.8,364
Muzaffarpur,Bihar,FY2024-25,PM10,136.1,364
Muzaffarpur,Bihar,FY2024-25,PM2.5,72.378,364
Muzaffarpur,Bihar,FY2025-26,CO,1.1,365
Muzaffarpur,Bihar,FY2025-26,NO2,10.8,365
Muzaffarpur,Bihar,FY2025-26,O3,52.4,365
Muzaffarpur,Bihar,FY2025-26,PM10,71.8,365
Muzaffarpur,Bihar,FY2025-26,PM2.5,44.088,365
Mysuru,Karnataka,FY2024-25,CO,0.5,335
Mysuru,Karnataka,FY2024-25,NO2,17.8,335
Mysuru,Karnataka,FY2024-25,O3,55.5,335
Mysuru,Karnataka,FY2024-25,PM10,45.4,335
Mysuru,Karnataka,FY2024-25,PM2.5,18.921,335
Mysuru,Karnataka,FY2025-26,CO,0.4,350
Mysuru,Karnataka,FY2025-26,NO2,16.2,350
Mysuru,Karnataka,FY2025-26,O3,55.4,350
Mysuru,Karnataka,FY2025-26,PM10,52.6,350
Mysuru,Karnataka,FY2025-26,PM2.5,18.86,350
Nagaon,Assam,FY2024-25,CO,1.3,337
Nagaon,Assam,FY2024-25,NO2,7.2,337
Nagaon,Assam,FY2024-25,O3,34.8,337
Nagaon,Assam,FY2024-25,PM10,71.8,337
Nagaon,Assam,FY2024-25,PM2.5,44.333,337
Nagaon,Assam,FY2025-26,CO,0.6,319
Nagaon,Assam,FY2025-26,NO2,2.3,319
Nagaon,Assam,FY2025-26,O3,13.8,319
Nagaon,Assam,FY2025-26,PM10,71.4,319
Nagaon,Assam,FY2025-26,PM2.5,42.551,319
Nagaur,Rajasthan,FY2024-25,CO,0.9,350
Nagaur,Rajasthan,FY2024-25,NO2,16.6,350
Nagaur,Rajasthan,FY2024-25,O3,73.6,350
Nagaur,Rajasthan,FY2024-25,PM10,140.6,350
Nagaur,Rajasthan,FY2024-25,PM2.5,39.266,350
Nagaur,Rajasthan,FY2025-26,CO,0.7,357
Nagaur,Rajasthan,FY2025-26,NO2,15.3,357
Nagaur,Rajasthan,FY2025-26,O3,74.9,357
Nagaur,Rajasthan,FY2025-26,PM10,139.0,357
Nagaur,Rajasthan,FY2025-26,PM2.5,41.468,357
Nagpur,Maharashtra,FY2024-25,CO,1.5,364
Nagpur,Maharashtra,FY2024-25,NO2,21.7,364
Nagpur,Maharashtra,FY2024-25,O3,53.9,364
Nagpur,Maharashtra,FY2024-25,PM10,95.3,364
Nagpur,Maharashtra,FY2024-25,PM2.5,46.899,364
Nagpur,Maharashtra,FY2025-26,CO,1.3,365
Nagpur,Maharashtra,FY2025-26,NO2,20.7,365
Nagpur,Maharashtra,FY2025-26,O3,41.0,365
Nagpur,Maharashtra,FY2025-26,PM10,92.8,365
Nagpur,Maharashtra,FY2025-26,PM2.5,46.521,365
Naharlagun,Arunachal Pradesh,FY2024-25,CO,0.2,207
Naharlagun,Arunachal Pradesh,FY2024-25,NO2,2.7,207
Naharlagun,Arunachal Pradesh,FY2024-25,O3,2.9,207
Naharlagun,Arunachal Pradesh,FY2024-25,PM10,56.4,207
Naharlagun,Arunachal Pradesh,FY2024-25,PM2.5,28.756,207
Naharlagun,Arunachal Pradesh,FY2025-26,CO,0.4,259
Naharlagun,Arunachal Pradesh,FY2025-26,NO2,4.7,259
Naharlagun,Arunachal Pradesh,FY2025-26,O3,5.0,259
Naharlagun,Arunachal Pradesh,FY2025-26,PM10,84.5,259
Naharlagun,Arunachal Pradesh,FY2025-26,PM2.5,41.139,259
Nalbari,Assam,FY2024-25,CO,1.2,308
Nalbari,Assam,FY2024-25,NO2,13.5,308
Nalbari,Assam,FY2024-25,O3,35.4,308
Nalbari,Assam,FY2024-25,PM10,102.0,308
Nalbari,Assam,FY2024-25,PM2.5,54.256,308
Nalbari,Assam,FY2025-26,CO,0.7,303
Nalbari,Assam,FY2025-26,NO2,7.2,303
Nalbari,Assam,FY2025-26,O3,20.9,303
Nalbari,Assam,FY2025-26,PM10,77.1,303
Nalbari,Assam,FY2025-26,PM2.5,46.123,303
Nanded,Maharashtra,FY2024-25,CO,0.3,317
Nanded,Maharashtra,FY2024-25,NO2,15.2,317
Nanded,Maharashtra,FY2024-25,O3,78.8,317
Nanded,Maharashtra,FY2024-25,PM10,96.3,317
Nanded,Maharashtra,FY2024-25,PM2.5,38.859,317
Nanded,Maharashtra,FY2025-26,CO,0.5,330
Nanded,Maharashtra,FY2025-26,NO2,14.2,330
Nanded,Maharashtra,FY2025-26,O3,61.0,330
Nanded,Maharashtra,FY2025-26,PM10,80.2,330
Nanded,Maharashtra,FY2025-26,PM2.5,36.42,330
Nashik,Maharashtra,FY2024-25,CO,0.9,364
Nashik,Maharashtra,FY2024-25,NO2,12.9,364
Nashik,Maharashtra,FY2024-25,O3,54.0,364
Nashik,Maharashtra,FY2024-25,PM10,85.7,364
Nashik,Maharashtra,FY2024-25,PM2.5,41.959,364
Nashik,Maharashtra,FY2025-26,CO,0.5,365
Nashik,Maharashtra,FY2025-26,NO2,10.0,365
Nashik,Maharashtra,FY2025-26,O3,44.4,365
Nashik,Maharashtra,FY2025-26,PM10,82.1,365
Nashik,Maharashtra,FY2025-26,PM2.5,35.707,365
Navi Mumbai,Maharashtra,FY2024-25,CO,0.8,364
Navi Mumbai,Maharashtra,FY2024-25,NO2,31.9,364
Navi Mumbai,Maharashtra,FY2024-25,O3,46.3,364
Navi Mumbai,Maharashtra,FY2024-25,PM10,101.5,364
Navi Mumbai,Maharashtra,FY2024-25,PM2.5,38.408,364
Navi Mumbai,Maharashtra,FY2025-26,CO,0.9,365
Navi Mumbai,Maharashtra,FY2025-26,NO2,25.6,365
Navi Mumbai,Maharashtra,FY2025-26,O3,32.4,365
Navi Mumbai,Maharashtra,FY2025-26,PM10,87.1,365
Navi Mumbai,Maharashtra,FY2025-26,PM2.5,36.408,365
Nayagarh,Odisha,FY2024-25,CO,0.5,289
Nayagarh,Odisha,FY2024-25,NO2,17.3,289
Nayagarh,Odisha,FY2024-25,O3,24.3,289
Nayagarh,Odisha,FY2024-25,PM10,93.5,289
Nayagarh,Odisha,FY2024-25,PM2.5,45.55,289
Nayagarh,Odisha,FY2025-26,CO,0.5,313
Nayagarh,Odisha,FY2025-26,NO2,8.0,313
Nayagarh,Odisha,FY2025-26,O3,19.6,313
Nayagarh,Odisha,FY2025-26,PM10,79.4,313
Nayagarh,Odisha,FY2025-26,PM2.5,25.69,313
Noida,Uttar Pradesh,FY2024-25,CO,1.6,364
Noida,Uttar Pradesh,FY2024-25,NO2,43.2,364
Noida,Uttar Pradesh,FY2024-25,O3,64.2,364
Noida,Uttar Pradesh,FY2024-25,PM10,167.0,364
Noida,Uttar Pradesh,FY2024-25,PM2.5,71.51,364
Noida,Uttar Pradesh,FY2025-26,CO,1.6,365
Noida,Uttar Pradesh,FY2025-26,NO2,43.4,365
Noida,Uttar Pradesh,FY2025-26,O3,73.7,365
Noida,Uttar Pradesh,FY2025-26,PM10,195.2,365
Noida,Uttar Pradesh,FY2025-26,PM2.5,95.227,365
Pali,Rajasthan,FY2024-25,CO,1.1,343
Pali,Rajasthan,FY2024-25,NO2,23.6,343
Pali,Rajasthan,FY2024-25,O3,48.8,343
Pali,Rajasthan,FY2024-25,PM10,144.1,343
Pali,Rajasthan,FY2024-25,PM2.5,61.145,343
Pali,Rajasthan,FY2025-26,CO,1.1,356
Pali,Rajasthan,FY2025-26,NO2,26.1,356
Pali,Rajasthan,FY2025-26,O3,46.1,356
Pali,Rajasthan,FY2025-26,PM10,126.9,356
Pali,Rajasthan,FY2025-26,PM2.5,54.755,356
Panchgaon,Haryana,FY2024-25,CO,1.9,0
Panchgaon,Haryana,FY2024-25,NO2,56.5,0
Panchgaon,Haryana,FY2024-25,O3,78.1,0
Panchgaon,Haryana,FY2024-25,PM10,83.3,0
Panchgaon,Haryana,FY2024-25,PM2.5,46.581,0
Panchgaon,Haryana,FY2025-26,CO,1.2,321
Panchgaon,Haryana,FY2025-26,NO2,26.4,321
Panchgaon,Haryana,FY2025-26,O3,58.9,321
Panchgaon,Haryana,FY2025-26,PM10,80.2,321
Panchgaon,Haryana,FY2025-26,PM2.5,44.217,321
Parbhani,Maharashtra,FY2024-25,CO,0.9,279
Parbhani,Maharashtra,FY2024-25,NO2,21.1,279
Parbhani,Maharashtra,FY2024-25,O3,75.9,279
Parbhani,Maharashtra,FY2024-25,PM10,106.7,279
Parbhani,Maharashtra,FY2024-25,PM2.5,47.438,279
Parbhani,Maharashtra,FY2025-26,CO,0.3,259
Parbhani,Maharashtra,FY2025-26,NO2,21.3,259
Parbhani,Maharashtra,FY2025-26,O3,25.0,259
Parbhani,Maharashtra,FY2025-26,PM10,84.1,259
Parbhani,Maharashtra,FY2025-26,PM2.5,38.841,259
Patiala,Punjab,FY2024-25,CO,1.3,359
Patiala,Punjab,FY2024-25,NO2,19.3,359
Patiala,Punjab,FY2024-25,O3,51.7,359
Patiala,Punjab,FY2024-25,PM10,100.4,359
Patiala,Punjab,FY2024-25,PM2.5,46.649,359
Patiala,Punjab,FY2025-26,CO,0.9,350
Patiala,Punjab,FY2025-26,NO2,15.2,350
Patiala,Punjab,FY2025-26,O3,37.9,350
Patiala,Punjab,FY2025-26,PM10,98.5,350
Patiala,Punjab,FY2025-26,PM2.5,39.047,350
Patna,Bihar,FY2024-25,CO,1.4,364
Patna,Bihar,FY2024-25,NO2,22.6,364
Patna,Bihar,FY2024-25,O3,50.5,364
Patna,Bihar,FY2024-25,PM10,179.7,364
Patna,Bihar,FY2024-25,PM2.5,74.784,364
Patna,Bihar,FY2025-26,CO,1.2,365
Patna,Bihar,FY2025-26,NO2,22.7,365
Patna,Bihar,FY2025-26,O3,41.4,365
Patna,Bihar,FY2025-26,PM10,112.1,365
Patna,Bihar,FY2025-26,PM2.5,49.203,365
Pimpri-Chinchwad,Maharashtra,FY2024-25,CO,1.1,364
Pimpri-Chinchwad,Maharashtra,FY2024-25,NO2,33.7,364
Pimpri-Chinchwad,Maharashtra,FY2024-25,O3,55.2,364
Pimpri-Chinchwad,Maharashtra,FY2024-25,PM10,90.6,364
Pimpri-Chinchwad,Maharashtra,FY2024-25,PM2.5,45.381,364
Pimpri-Chinchwad,Maharashtra,FY2025-26,CO,1.2,365
Pimpri-Chinchwad,Maharashtra,FY2025-26,NO2,31.5,365
Pimpri-Chinchwad,Maharashtra,FY2025-26,O3,42.2,365
Pimpri-Chinchwad,Maharashtra,FY2025-26,PM10,95.2,365
Pimpri-Chinchwad,Maharashtra,FY2025-26,PM2.5,40.956,365
Pithampur,Madhya Pradesh,FY2024-25,CO,0.8,364
Pithampur,Madhya Pradesh,FY2024-25,NO2,12.5,364
Pithampur,Madhya Pradesh,FY2024-25,O3,75.4,364
Pithampur,Madhya Pradesh,FY2024-25,PM10,113.2,364
Pithampur,Madhya Pradesh,FY2024-25,PM2.5,48.584,364
Pithampur,Madhya Pradesh,FY2025-26,CO,0.7,351
Pithampur,Madhya Pradesh,FY2025-26,NO2,17.7,351
Pithampur,Madhya Pradesh,FY2025-26,O3,66.9,351
Pithampur,Madhya Pradesh,FY2025-26,PM10,123.6,351
Pithampur,Madhya Pradesh,FY2025-26,PM2.5,57.429,351
Pratapgarh,Rajasthan,FY2024-25,CO,0.6,353
Pratapgarh,Rajasthan,FY2024-25,NO2,15.3,353
Pratapgarh,Rajasthan,FY2024-25,O3,78.4,353
Pratapgarh,Rajasthan,FY2024-25,PM10,86.1,353
Pratapgarh,Rajasthan,FY2024-25,PM2.5,32.364,353
Pratapgarh,Rajasthan,FY2025-26,CO,0.4,358
Pratapgarh,Rajasthan,FY2025-26,NO2,14.8,358
Pratapgarh,Rajasthan,FY2025-26,O3,81.9,358
Pratapgarh,Rajasthan,FY2025-26,PM10,90.1,358
Pratapgarh,Rajasthan,FY2025-26,PM2.5,35.074,358
Prayagraj,Uttar Pradesh,FY2024-25,CO,0.8,363
Prayagraj,Uttar Pradesh,FY2024-25,NO2,6.0,363
Prayagraj,Uttar Pradesh,FY2024-25,O3,22.6,363
Prayagraj,Uttar Pradesh,FY2024-25,PM10,68.2,363
Prayagraj,Uttar Pradesh,FY2024-25,PM2.5,27.458,363
Prayagraj,Uttar Pradesh,FY2025-26,CO,0.6,365
Prayagraj,Uttar Pradesh,FY2025-26,NO2,6.0,365
Prayagraj,Uttar Pradesh,FY2025-26,O3,29.3,365
Prayagraj,Uttar Pradesh,FY2025-26,PM10,85.1,365
Prayagraj,Uttar Pradesh,FY2025-26,PM2.5,38.668,365
Puducherry,Puducherry,FY2024-25,CO,0.9,347
Puducherry,Puducherry,FY2024-25,NO2,10.2,347
Puducherry,Puducherry,FY2024-25,O3,56.6,347
Puducherry,Puducherry,FY2024-25,PM10,41.6,347
Puducherry,Puducherry,FY2024-25,PM2.5,23.05,347
Puducherry,Puducherry,FY2025-26,CO,0.4,313
Puducherry,Puducherry,FY2025-26,NO2,12.9,313
Puducherry,Puducherry,FY2025-26,O3,49.9,313
Puducherry,Puducherry,FY2025-26,PM10,48.5,313
Puducherry,Puducherry,FY2025-26,PM2.5,27.345,313
Pudukottai,Tamil Nadu,FY2024-25,CO,0.5,136
Pudukottai,Tamil Nadu,FY2024-25,NO2,12.4,136
Pudukottai,Tamil Nadu,FY2024-25,O3,1.2,136
Pudukottai,Tamil Nadu,FY2024-25,PM10,70.7,136
Pudukottai,Tamil Nadu,FY2024-25,PM2.5,33.941,136
Pudukottai,Tamil Nadu,FY2025-26,NO2,9.9,264
Pudukottai,Tamil Nadu,FY2025-26,PM10,53.6,264
Pudukottai,Tamil Nadu,FY2025-26,PM2.5,25.444,264
Pune,Maharashtra,FY2024-25,CO,1.4,364
Pune,Maharashtra,FY2024-25,NO2,32.5,364
Pune,Maharashtra,FY2024-25,O3,59.0,364
Pune,Maharashtra,FY2024-25,PM10,87.8,364
Pune,Maharashtra,FY2024-25,PM2.5,38.704,364
Pune,Maharashtra,FY2025-26,CO,1.3,365
Pune,Maharashtra,FY2025-26,NO2,26.6,365
Pune,Maharashtra,FY2025-26,O3,46.1,365
Pune,Maharashtra,FY2025-26,PM10,93.1,365
Pune,Maharashtra,FY2025-26,PM2.5,41.945,365
Purnia,Bihar,FY2024-25,CO,1.3,272
Purnia,Bihar,FY2024-25,NO2,7.2,272
Purnia,Bihar,FY2024-25,O3,23.9,272
Purnia,Bihar,FY2024-25,PM10,90.4,272
Purnia,Bihar,FY2024-25,PM2.5,55.704,272
Purnia,Bihar,FY2025-26,CO,0.9,308
Purnia,Bihar,FY2025-26,NO2,7.3,308
Purnia,Bihar,FY2025-26,O3,28.3,308
Purnia,Bihar,FY2025-26,PM10,57.9,308
Purnia,Bihar,FY2025-26,PM2.5,38.24,308
Raipur,Chhattisgarh,FY2024-25,CO,0.9,363
Raipur,Chhattisgarh,FY2024-25,NO2,23.3,363
Raipur,Chhattisgarh,FY2024-25,O3,12.3,363
Raipur,Chhattisgarh,FY2024-25,PM10,78.2,363
Raipur,Chhattisgarh,FY2024-25,PM2.5,30.781,363
Raipur,Chhattisgarh,FY2025-26,CO,0.9,365
Raipur,Chhattisgarh,FY2025-26,NO2,20.4,365
Raipur,Chhattisgarh,FY2025-26,O3,11.8,365
Raipur,Chhattisgarh,FY2025-26,PM10,64.6,365
Raipur,Chhattisgarh,FY2025-26,PM2.5,25.088,365
Rairangpur,Odisha,FY2024-25,CO,0.8,316
Rairangpur,Odisha,FY2024-25,NO2,7.2,316
Rairangpur,Odisha,FY2024-25,O3,40.2,316
Rairangpur,Odisha,FY2024-25,PM10,85.6,316
Rairangpur,Odisha,FY2024-25,PM2.5,46.044,316
Rairangpur,Odisha,FY2025-26,CO,0.9,301
Rairangpur,Odisha,FY2025-26,NO2,12.7,301
Rairangpur,Odisha,FY2025-26,O3,30.0,301
Rairangpur,Odisha,FY2025-26,PM10,81.3,301
Rairangpur,Odisha,FY2025-26,PM2.5,30.731,301
Rajamahendravaram,Andhra Pradesh,FY2024-25,CO,1.0,354
Rajamahendravaram,Andhra Pradesh,FY2024-25,NO2,15.3,354
Rajamahendravaram,Andhra Pradesh,FY2024-25,O3,22.1,354
Rajamahendravaram,Andhra Pradesh,FY2024-25,PM10,64.5,354
Rajamahendravaram,Andhra Pradesh,FY2024-25,PM2.5,31.391,354
Rajamahendravaram,Andhra Pradesh,FY2025-26,CO,0.9,354
Rajamahendravaram,Andhra Pradesh,FY2025-26,NO2,18.1,354
Rajamahendravaram,Andhra Pradesh,FY2025-26,O3,17.3,354
Rajamahendravaram,Andhra Pradesh,FY2025-26,PM10,76.1,354
Rajamahendravaram,Andhra Pradesh,FY2025-26,PM2.5,36.989,354
Rajsamand,Rajasthan,FY2024-25,CO,0.9,344
Rajsamand,Rajasthan,FY2024-25,NO2,13.8,344
Rajsamand,Rajasthan,FY2024-25,O3,76.3,344
Rajsamand,Rajasthan,FY2024-25,PM10,72.0,344
Rajsamand,Rajasthan,FY2024-25,PM2.5,34.405,344
Rajsamand,Rajasthan,FY2025-26,CO,0.8,352
Rajsamand,Rajasthan,FY2025-26,NO2,14.5,352
Rajsamand,Rajasthan,FY2025-26,O3,89.7,352
Rajsamand,Rajasthan,FY2025-26,PM10,73.5,352
Rajsamand,Rajasthan,FY2025-26,PM2.5,33.732,352
Ramanagara,Karnataka,FY2024-25,CO,0.7,333
Ramanagara,Karnataka,FY2024-25,NO2,10.7,333
Ramanagara,Karnataka,FY2024-25,O3,51.7,333
Ramanagara,Karnataka,FY2024-25,PM10,45.3,333
Ramanagara,Karnataka,FY2024-25,PM2.5,27.72,333
Ramanagara,Karnataka,FY2025-26,CO,0.7,181
Ramanagara,Karnataka,FY2025-26,NO2,18.9,181
Ramanagara,Karnataka,FY2025-26,O3,44.9,181
Ramanagara,Karnataka,FY2025-26,PM10,54.1,181
Ramanagara,Karnataka,FY2025-26,PM2.5,26.246,181
Ramanathapuram,Tamil Nadu,FY2024-25,CO,0.0,280
Ramanathapuram,Tamil Nadu,FY2024-25,NO2,2.4,280
Ramanathapuram,Tamil Nadu,FY2024-25,O3,13.8,280
Ramanathapuram,Tamil Nadu,FY2024-25,PM10,38.4,280
Ramanathapuram,Tamil Nadu,FY2024-25,PM2.5,21.54,280
Ramanathapuram,Tamil Nadu,FY2025-26,CO,0.6,252
Ramanathapuram,Tamil Nadu,FY2025-26,NO2,8.8,252
Ramanathapuram,Tamil Nadu,FY2025-26,O3,6.4,252
Ramanathapuram,Tamil Nadu,FY2025-26,PM10,43.0,252
Ramanathapuram,Tamil Nadu,FY2025-26,PM2.5,19.68,252
Ratlam,Madhya Pradesh,FY2024-25,NO2,19.7,350
Ratlam,Madhya Pradesh,FY2024-25,PM10,121.2,350
Ratlam,Madhya Pradesh,FY2024-25,PM2.5,38.797,350
Ratlam,Madhya Pradesh,FY2025-26,NO2,22.9,340
Ratlam,Madhya Pradesh,FY2025-26,PM10,108.8,340
Ratlam,Madhya Pradesh,FY2025-26,PM2.5,37.115,340
Rishikesh,Uttarakhand,FY2024-25,CO,0.9,331
Rishikesh,Uttarakhand,FY2024-25,NO2,10.1,331
Rishikesh,Uttarakhand,FY2024-25,O3,53.6,331
Rishikesh,Uttarakhand,FY2024-25,PM10,63.2,331
Rishikesh,Uttarakhand,FY2024-25,PM2.5,30.75,331
Rishikesh,Uttarakhand,FY2025-26,CO,1.0,287
Rishikesh,Uttarakhand,FY2025-26,NO2,13.1,287
Rishikesh,Uttarakhand,FY2025-26,O3,50.7,287
Rishikesh,Uttarakhand,FY2025-26,PM10,57.1,287
Rishikesh,Uttarakhand,FY2025-26,PM2.5,23.94,287
Rohtak,Haryana,FY2024-25,CO,1.0,294
Rohtak,Haryana,FY2024-25,NO2,33.0,294
Rohtak,Haryana,FY2024-25,O3,50.1,294
Rohtak,Haryana,FY2024-25,PM10,216.4,294
Rohtak,Haryana,FY2024-25,PM2.5,74.66,294
Rohtak,Haryana,FY2025-26,CO,1.0,137
Rohtak,Haryana,FY2025-26,NO2,11.3,137
Rohtak,Haryana,FY2025-26,O3,37.0,137
Rohtak,Haryana,FY2025-26,PM10,149.7,137
Rohtak,Haryana,FY2025-26,PM2.5,104.96,137
Rourkela,Odisha,FY2024-25,CO,1.0,362
Rourkela,Odisha,FY2024-25,NO2,23.9,362
Rourkela,Odisha,FY2024-25,O3,48.8,362
Rourkela,Odisha,FY2024-25,PM10,109.3,362
Rourkela,Odisha,FY2024-25,PM2.5,55.288,362
Rourkela,Odisha,FY2025-26,CO,1.0,356
Rourkela,Odisha,FY2025-26,NO2,11.7,356
Rourkela,Odisha,FY2025-26,O3,39.2,356
Rourkela,Odisha,FY2025-26,PM10,89.7,356
Rourkela,Odisha,FY2025-26,PM2.5,47.888,356
Rupnagar,Punjab,FY2024-25,CO,1.7,324
Rupnagar,Punjab,FY2024-25,NO2,18.0,324
Rupnagar,Punjab,FY2024-25,PM10,114.5,324
Rupnagar,Punjab,FY2024-25,PM2.5,44.017,324
Rupnagar,Punjab,FY2025-26,CO,1.0,242
Rupnagar,Punjab,FY2025-26,NO2,8.5,242
Rupnagar,Punjab,FY2025-26,PM10,85.7,242
Rupnagar,Punjab,FY2025-26,PM2.5,40.381,242
Sagar,Madhya Pradesh,FY2024-25,CO,1.0,363
Sagar,Madhya Pradesh,FY2024-25,NO2,18.0,363
Sagar,Madhya Pradesh,FY2024-25,O3,82.0,363
Sagar,Madhya Pradesh,FY2024-25,PM10,84.8,363
Sagar,Madhya Pradesh,FY2024-25,PM2.5,32.041,363
Sagar,Madhya Pradesh,FY2025-26,CO,1.0,360
Sagar,Madhya Pradesh,FY2025-26,NO2,13.6,360
Sagar,Madhya Pradesh,FY2025-26,O3,54.3,360
Sagar,Madhya Pradesh,FY2025-26,PM10,79.8,360
Sagar,Madhya Pradesh,FY2025-26,PM2.5,36.816,360
Saharsa,Bihar,FY2024-25,CO,0.9,314
Saharsa,Bihar,FY2024-25,NO2,6.6,314
Saharsa,Bihar,FY2024-25,O3,27.0,314
Saharsa,Bihar,FY2024-25,PM10,97.4,314
Saharsa,Bihar,FY2024-25,PM2.5,54.047,314
Saharsa,Bihar,FY2025-26,CO,0.9,286
Saharsa,Bihar,FY2025-26,NO2,5.8,286
Saharsa,Bihar,FY2025-26,O3,20.1,286
Saharsa,Bihar,FY2025-26,PM10,102.7,286
Saharsa,Bihar,FY2025-26,PM2.5,42.252,286
Samastipur,Bihar,FY2024-25,CO,1.5,280
Samastipur,Bihar,FY2024-25,NO2,3.2,280
Samastipur,Bihar,FY2024-25,O3,11.5,280
Samastipur,Bihar,FY2024-25,PM10,105.9,280
Samastipur,Bihar,FY2024-25,PM2.5,49.401,280
Samastipur,Bihar,FY2025-26,CO,0.7,284
Samastipur,Bihar,FY2025-26,NO2,4.5,284
Samastipur,Bihar,FY2025-26,O3,9.0,284
Samastipur,Bihar,FY2025-26,PM10,89.0,284
Samastipur,Bihar,FY2025-26,PM2.5,47.373,284
Sangli,Maharashtra,FY2024-25,CO,0.6,320
Sangli,Maharashtra,FY2024-25,NO2,20.5,320
Sangli,Maharashtra,FY2024-25,O3,68.9,320
Sangli,Maharashtra,FY2024-25,PM10,74.9,320
Sangli,Maharashtra,FY2024-25,PM2.5,27.618,320
Sangli,Maharashtra,FY2025-26,CO,0.6,317
Sangli,Maharashtra,FY2025-26,NO2,16.7,317
Sangli,Maharashtra,FY2025-26,O3,39.7,317
Sangli,Maharashtra,FY2025-26,PM10,85.1,317
Sangli,Maharashtra,FY2025-26,PM2.5,40.917,317
Sasaram,Bihar,FY2024-25,CO,1.2,326
Sasaram,Bihar,FY2024-25,NO2,8.7,326
Sasaram,Bihar,FY2024-25,O3,27.2,326
Sasaram,Bihar,FY2024-25,PM10,88.9,326
Sasaram,Bihar,FY2024-25,PM2.5,45.203,326
Sasaram,Bihar,FY2025-26,CO,1.2,274
Sasaram,Bihar,FY2025-26,NO2,2.3,274
Sasaram,Bihar,FY2025-26,O3,18.7,274
Sasaram,Bihar,FY2025-26,PM10,84.8,274
Sasaram,Bihar,FY2025-26,PM2.5,31.128,274
Satna,Madhya Pradesh,FY2024-25,CO,1.2,337
Satna,Madhya Pradesh,FY2024-25,NO2,22.5,337
Satna,Madhya Pradesh,FY2024-25,O3,32.8,337
Satna,Madhya Pradesh,FY2024-25,PM10,59.4,337
Satna,Madhya Pradesh,FY2024-25,PM2.5,21.131,337
Satna,Madhya Pradesh,FY2025-26,CO,0.9,267
Satna,Madhya Pradesh,FY2025-26,NO2,26.2,267
Satna,Madhya Pradesh,FY2025-26,O3,20.9,267
Satna,Madhya Pradesh,FY2025-26,PM10,62.0,267
Satna,Madhya Pradesh,FY2025-26,PM2.5,27.881,267
Sawai Madhopur,Rajasthan,FY2024-25,CO,1.3,330
Sawai Madhopur,Rajasthan,FY2024-25,NO2,12.5,330
Sawai Madhopur,Rajasthan,FY2024-25,O3,85.7,330
Sawai Madhopur,Rajasthan,FY2024-25,PM10,118.9,330
Sawai Madhopur,Rajasthan,FY2024-25,PM2.5,38.816,330
Sawai Madhopur,Rajasthan,FY2025-26,CO,1.5,357
Sawai Madhopur,Rajasthan,FY2025-26,NO2,16.6,357
Sawai Madhopur,Rajasthan,FY2025-26,O3,85.3,357
Sawai Madhopur,Rajasthan,FY2025-26,PM10,124.9,357
Sawai Madhopur,Rajasthan,FY2025-26,PM2.5,38.693,357
Shillong,Meghalaya,FY2024-25,CO,0.3,148
Shillong,Meghalaya,FY2024-25,NO2,5.8,148
Shillong,Meghalaya,FY2024-25,O3,37.2,148
Shillong,Meghalaya,FY2024-25,PM10,34.0,148
Shillong,Meghalaya,FY2024-25,PM2.5,28.042,148
Shillong,Meghalaya,FY2025-26,CO,0.3,319
Shillong,Meghalaya,FY2025-26,NO2,3.1,319
Shillong,Meghalaya,FY2025-26,O3,23.3,319
Shillong,Meghalaya,FY2025-26,PM10,32.0,319
Shillong,Meghalaya,FY2025-26,PM2.5,18.029,319
Shivamogga,Karnataka,FY2024-25,CO,0.7,342
Shivamogga,Karnataka,FY2024-25,NO2,16.6,342
Shivamogga,Karnataka,FY2024-25,O3,51.5,342
Shivamogga,Karnataka,FY2024-25,PM10,48.1,342
Shivamogga,Karnataka,FY2024-25,PM2.5,19.737,342
Shivamogga,Karnataka,FY2025-26,CO,0.6,342
Shivamogga,Karnataka,FY2025-26,NO2,18.3,342
Shivamogga,Karnataka,FY2025-26,O3,49.1,342
Shivamogga,Karnataka,FY2025-26,PM10,47.7,342
Shivamogga,Karnataka,FY2025-26,PM2.5,20.346,342
Sikar,Rajasthan,FY2024-25,CO,1.0,354
Sikar,Rajasthan,FY2024-25,NO2,20.7,354
Sikar,Rajasthan,FY2024-25,O3,72.3,354
Sikar,Rajasthan,FY2024-25,PM10,139.3,354
Sikar,Rajasthan,FY2024-25,PM2.5,49.576,354
Sikar,Rajasthan,FY2025-26,CO,1.0,360
Sikar,Rajasthan,FY2025-26,NO2,22.0,360
Sikar,Rajasthan,FY2025-26,O3,77.6,360
Sikar,Rajasthan,FY2025-26,PM10,135.4,360
Sikar,Rajasthan,FY2025-26,PM2.5,49.948,360
Silchar,Assam,FY2024-25,CO,0.7,349
Silchar,Assam,FY2024-25,NO2,9.3,349
Silchar,Assam,FY2024-25,O3,4.6,349
Silchar,Assam,FY2024-25,PM10,54.5,349
Silchar,Assam,FY2024-25,PM2.5,25.2,349
Silchar,Assam,FY2025-26,CO,0.8,363
Silchar,Assam,FY2025-26,NO2,14.8,363
Silchar,Assam,FY2025-26,O3,5.6,363
Silchar,Assam,FY2025-26,PM10,52.0,363
Silchar,Assam,FY2025-26,PM2.5,25.208,363
Siliguri,West Bengal,FY2024-25,CO,1.0,359
Siliguri,West Bengal,FY2024-25,NO2,22.8,359
Siliguri,West Bengal,FY2024-25,O3,29.2,359
Siliguri,West Bengal,FY2024-25,PM10,83.1,359
Siliguri,West Bengal,FY2024-25,PM2.5,39.896,359
Siliguri,West Bengal,FY2025-26,CO,1.2,347
Siliguri,West Bengal,FY2025-26,NO2,18.1,347
Siliguri,West Bengal,FY2025-26,O3,52.4,347
Siliguri,West Bengal,FY2025-26,PM10,77.8,347
Siliguri,West Bengal,FY2025-26,PM2.5,35.852,347
Singrauli,Madhya Pradesh,FY2024-25,CO,2.0,319
Singrauli,Madhya Pradesh,FY2024-25,NO2,27.8,319
Singrauli,Madhya Pradesh,FY2024-25,O3,73.4,319
Singrauli,Madhya Pradesh,FY2024-25,PM10,153.8,319
Singrauli,Madhya Pradesh,FY2024-25,PM2.5,71.207,319
Singrauli,Madhya Pradesh,FY2025-26,CO,0.7,324
Singrauli,Madhya Pradesh,FY2025-26,NO2,33.1,324
Singrauli,Madhya Pradesh,FY2025-26,O3,44.0,324
Singrauli,Madhya Pradesh,FY2025-26,PM10,150.9,324
Singrauli,Madhya Pradesh,FY2025-26,PM2.5,70.922,324
Sirohi,Rajasthan,FY2024-25,CO,0.6,331
Sirohi,Rajasthan,FY2024-25,NO2,18.1,331
Sirohi,Rajasthan,FY2024-25,O3,65.8,331
Sirohi,Rajasthan,FY2024-25,PM10,76.4,331
Sirohi,Rajasthan,FY2024-25,PM2.5,30.061,331
Sirohi,Rajasthan,FY2025-26,CO,0.6,355
Sirohi,Rajasthan,FY2025-26,NO2,17.6,355
Sirohi,Rajasthan,FY2025-26,O3,59.0,355
Sirohi,Rajasthan,FY2025-26,PM10,80.0,355
Sirohi,Rajasthan,FY2025-26,PM2.5,28.91,355
Sivasagar,Assam,FY2024-25,CO,0.4,359
Sivasagar,Assam,FY2024-25,NO2,15.3,359
Sivasagar,Assam,FY2024-25,O3,7.8,359
Sivasagar,Assam,FY2024-25,PM10,57.8,359
Sivasagar,Assam,FY2024-25,PM2.5,26.359,359
Sivasagar,Assam,FY2025-26,CO,0.7,355
Sivasagar,Assam,FY2025-26,NO2,20.4,355
Sivasagar,Assam,FY2025-26,O3,27.8,355
Sivasagar,Assam,FY2025-26,PM10,43.1,355
Sivasagar,Assam,FY2025-26,PM2.5,24.545,355
Solapur,Maharashtra,FY2024-25,CO,0.9,362
Solapur,Maharashtra,FY2024-25,NO2,27.6,362
Solapur,Maharashtra,FY2024-25,O3,63.4,362
Solapur,Maharashtra,FY2024-25,PM10,90.5,362
Solapur,Maharashtra,FY2024-25,PM2.5,36.989,362
Solapur,Maharashtra,FY2025-26,CO,0.8,363
Solapur,Maharashtra,FY2025-26,NO2,21.6,363
Solapur,Maharashtra,FY2025-26,O3,45.9,363
Solapur,Maharashtra,FY2025-26,PM10,78.7,363
Solapur,Maharashtra,FY2025-26,PM2.5,34.26,363
Sri Ganganagar,Rajasthan,FY2024-25,CO,1.9,318
Sri Ganganagar,Rajasthan,FY2024-25,NO2,44.2,318
Sri Ganganagar,Rajasthan,FY2024-25,O3,54.0,318
Sri Ganganagar,Rajasthan,FY2024-25,PM10,203.1,318
Sri Ganganagar,Rajasthan,FY2024-25,PM2.5,73.809,318
Sri Ganganagar,Rajasthan,FY2025-26,CO,2.0,354
Sri Ganganagar,Rajasthan,FY2025-26,NO2,41.3,354
Sri Ganganagar,Rajasthan,FY2025-26,O3,75.8,354
Sri Ganganagar,Rajasthan,FY2025-26,PM10,164.3,354
Sri Ganganagar,Rajasthan,FY2025-26,PM2.5,51.381,354
Suakati,Odisha,FY2024-25,CO,0.3,330
Suakati,Odisha,FY2024-25,NO2,10.0,330
Suakati,Odisha,FY2024-25,O3,77.1,330
Suakati,Odisha,FY2024-25,PM10,90.0,330
Suakati,Odisha,FY2024-25,PM2.5,43.828,330
Suakati,Odisha,FY2025-26,CO,0.4,222
Suakati,Odisha,FY2025-26,NO2,9.3,222
Suakati,Odisha,FY2025-26,O3,47.1,222
Suakati,Odisha,FY2025-26,PM10,91.0,222
Suakati,Odisha,FY2025-26,PM2.5,45.116,222
Surat,Gujarat,FY2024-25,CO,1.2,270
Surat,Gujarat,FY2024-25,NO2,29.6,270
Surat,Gujarat,FY2024-25,PM10,85.6,270
Surat,Gujarat,FY2024-25,PM2.5,34.274,270
Surat,Gujarat,FY2025-26,CO,1.2,301
Surat,Gujarat,FY2025-26,NO2,13.8,301
Surat,Gujarat,FY2025-26,O3,10.8,301
Surat,Gujarat,FY2025-26,PM10,86.3,301
Surat,Gujarat,FY2025-26,PM2.5,38.218,301
Talcher,Odisha,FY2024-25,CO,1.9,332
Talcher,Odisha,FY2024-25,NO2,21.5,332
Talcher,Odisha,FY2024-25,O3,37.6,332
Talcher,Odisha,FY2024-25,PM10,128.3,332
Talcher,Odisha,FY2024-25,PM2.5,65.835,332
Talcher,Odisha,FY2025-26,CO,1.6,312
Talcher,Odisha,FY2025-26,NO2,42.6,312
Talcher,Odisha,FY2025-26,O3,28.6,312
Talcher,Odisha,FY2025-26,PM10,122.1,312
Talcher,Odisha,FY2025-26,PM2.5,58.337,312
Tensa,Odisha,FY2024-25,CO,0.6,342
Tensa,Odisha,FY2024-25,NO2,43.1,342
Tensa,Odisha,FY2024-25,O3,41.1,342
Tensa,Odisha,FY2024-25,PM10,96.9,342
Tensa,Odisha,FY2024-25,PM2.5,40.629,342
Tensa,Odisha,FY2025-26,CO,0.8,255
Tensa,Odisha,FY2025-26,NO2,20.9,255
Tensa,Odisha,FY2025-26,O3,34.7,255
Tensa,Odisha,FY2025-26,PM10,67.5,255
Tensa,Odisha,FY2025-26,PM2.5,26.756,255
Thane,Maharashtra,FY2024-25,CO,0.7,364
Thane,Maharashtra,FY2024-25,NO2,21.5,364
Thane,Maharashtra,FY2024-25,O3,61.2,364
Thane,Maharashtra,FY2024-25,PM10,82.5,364
Thane,Maharashtra,FY2024-25,PM2.5,38.57,364
Thane,Maharashtra,FY2025-26,CO,0.8,365
Thane,Maharashtra,FY2025-26,NO2,20.1,365
Thane,Maharashtra,FY2025-26,O3,41.2,365
Thane,Maharashtra,FY2025-26,PM10,76.9,365
Thane,Maharashtra,FY2025-26,PM2.5,30.614,365
Thiruvananthapuram,Kerala,FY2024-25,CO,0.7,363
Thiruvananthapuram,Kerala,FY2024-25,NO2,10.1,363
Thiruvananthapuram,Kerala,FY2024-25,O3,28.9,363
Thiruvananthapuram,Kerala,FY2024-25,PM10,51.4,363
Thiruvananthapuram,Kerala,FY2024-25,PM2.5,37.986,363
Thiruvananthapuram,Kerala,FY2025-26,CO,0.8,365
Thiruvananthapuram,Kerala,FY2025-26,NO2,12.8,365
Thiruvananthapuram,Kerala,FY2025-26,O3,30.1,365
Thiruvananthapuram,Kerala,FY2025-26,PM10,54.1,365
Thiruvananthapuram,Kerala,FY2025-26,PM2.5,30.142,365
Thrissur,Kerala,FY2024-25,CO,0.9,307
Thrissur,Kerala,FY2024-25,NO2,6.7,307
Thrissur,Kerala,FY2024-25,O3,30.1,307
Thrissur,Kerala,FY2024-25,PM10,54.1,307
Thrissur,Kerala,FY2024-25,PM2.5,26.241,307
Thrissur,Kerala,FY2025-26,CO,0.6,321
Thrissur,Kerala,FY2025-26,NO2,7.1,321
Thrissur,Kerala,FY2025-26,O3,29.9,321
Thrissur,Kerala,FY2025-26,PM10,58.3,321
Thrissur,Kerala,FY2025-26,PM2.5,30.392,321
Tirumala,Andhra Pradesh,FY2024-25,CO,0.8,70
Tirumala,Andhra Pradesh,FY2024-25,NO2,19.4,70
Tirumala,Andhra Pradesh,FY2024-25,O3,33.6,70
Tirumala,Andhra Pradesh,FY2024-25,PM10,51.4,70
Tirumala,Andhra Pradesh,FY2024-25,PM2.5,30.483,70
Tirumala,Andhra Pradesh,FY2025-26,CO,1.0,360
Tirumala,Andhra Pradesh,FY2025-26,NO2,16.5,360
Tirumala,Andhra Pradesh,FY2025-26,O3,45.8,360
Tirumala,Andhra Pradesh,FY2025-26,PM10,58.7,360
Tirumala,Andhra Pradesh,FY2025-26,PM2.5,36.605,360
Tirupati,Andhra Pradesh,FY2024-25,CO,0.5,321
Tirupati,Andhra Pradesh,FY2024-25,NO2,17.4,321
Tirupati,Andhra Pradesh,FY2024-25,O3,39.7,321
Tirupati,Andhra Pradesh,FY2024-25,PM10,75.0,321
Tirupati,Andhra Pradesh,FY2024-25,PM2.5,45.8,321
Tirupati,Andhra Pradesh,FY2025-26,CO,0.4,256
Tirupati,Andhra Pradesh,FY2025-26,NO2,12.1,256
Tirupati,Andhra Pradesh,FY2025-26,O3,26.7,256
Tirupati,Andhra Pradesh,FY2025-26,PM10,70.9,256
Tirupati,Andhra Pradesh,FY2025-26,PM2.5,44.576,256
Tirupur,Tamil Nadu,FY2024-25,CO,1.1,261
Tirupur,Tamil Nadu,FY2024-25,NO2,11.4,261
Tirupur,Tamil Nadu,FY2024-25,O3,6.4,261
Tirupur,Tamil Nadu,FY2024-25,PM10,72.8,261
Tirupur,Tamil Nadu,FY2024-25,PM2.5,14.528,261
Tirupur,Tamil Nadu,FY2025-26,CO,0.3,225
Tirupur,Tamil Nadu,FY2025-26,NO2,5.3,225
Tirupur,Tamil Nadu,FY2025-26,O3,2.6,225
Tirupur,Tamil Nadu,FY2025-26,PM10,58.8,225
Tirupur,Tamil Nadu,FY2025-26,PM2.5,19.574,225
Tonk,Rajasthan,FY2024-25,CO,0.9,304
Tonk,Rajasthan,FY2024-25,NO2,21.3,304
Tonk,Rajasthan,FY2024-25,O3,65.2,304
Tonk,Rajasthan,FY2024-25,PM10,133.6,304
Tonk,Rajasthan,FY2024-25,PM2.5,43.619,304
Tonk,Rajasthan,FY2025-26,CO,1.0,354
Tonk,Rajasthan,FY2025-26,NO2,19.5,354
Tonk,Rajasthan,FY2025-26,O3,55.1,354
Tonk,Rajasthan,FY2025-26,PM10,149.6,354
Tonk,Rajasthan,FY2025-26,PM2.5,58.167,354
Tumakuru,Karnataka,FY2024-25,CO,1.1,308
Tumakuru,Karnataka,FY2024-25,NO2,17.5,308
Tumakuru,Karnataka,FY2024-25,O3,14.3,308
Tumakuru,Karnataka,FY2024-25,PM10,122.1,308
Tumakuru,Karnataka,FY2024-25,PM2.5,39.676,308
Tumakuru,Karnataka,FY2025-26,CO,1.0,122
Tumakuru,Karnataka,FY2025-26,NO2,21.2,122
Tumakuru,Karnataka,FY2025-26,O3,18.0,122
Tumakuru,Karnataka,FY2025-26,PM10,96.7,122
Tumakuru,Karnataka,FY2025-26,PM2.5,44.641,122
Tumidih,Chhattisgarh,FY2024-25,CO,0.8,111
Tumidih,Chhattisgarh,FY2024-25,NO2,26.5,111
Tumidih,Chhattisgarh,FY2024-25,O3,40.6,111
Tumidih,Chhattisgarh,FY2024-25,PM10,98.2,111
Tumidih,Chhattisgarh,FY2024-25,PM2.5,38.94,111
Tumidih,Chhattisgarh,FY2025-26,CO,0.8,305
Tumidih,Chhattisgarh,FY2025-26,NO2,33.6,305
Tumidih,Chhattisgarh,FY2025-26,O3,57.4,305
Tumidih,Chhattisgarh,FY2025-26,PM10,90.6,305
Tumidih,Chhattisgarh,FY2025-26,PM2.5,37.098,305
Udaipur,Rajasthan,FY2024-25,CO,1.4,363
Udaipur,Rajasthan,FY2024-25,NO2,34.8,363
Udaipur,Rajasthan,FY2024-25,O3,48.1,363
Udaipur,Rajasthan,FY2024-25,PM10,108.8,363
Udaipur,Rajasthan,FY2024-25,PM2.5,49.86,363
Udaipur,Rajasthan,FY2025-26,CO,1.1,351
Udaipur,Rajasthan,FY2025-26,NO2,30.0,351
Udaipur,Rajasthan,FY2025-26,O3,48.6,351
Udaipur,Rajasthan,FY2025-26,PM10,104.5,351
Udaipur,Rajasthan,FY2025-26,PM2.5,46.641,351
Ujjain,Madhya Pradesh,FY2024-25,CO,1.0,333
Ujjain,Madhya Pradesh,FY2024-25,NO2,23.5,333
Ujjain,Madhya Pradesh,FY2024-25,O3,69.9,333
Ujjain,Madhya Pradesh,FY2024-25,PM10,89.2,333
Ujjain,Madhya Pradesh,FY2024-25,PM2.5,40.0,333
Ujjain,Madhya Pradesh,FY2025-26,CO,1.2,92
Ujjain,Madhya Pradesh,FY2025-26,NO2,35.4,92
Ujjain,Madhya Pradesh,FY2025-26,O3,63.1,92
Ujjain,Madhya Pradesh,FY2025-26,PM10,119.8,92
Ujjain,Madhya Pradesh,FY2025-26,PM2.5,59.678,92
Ulhasnagar,Maharashtra,FY2024-25,CO,1.0,344
Ulhasnagar,Maharashtra,FY2024-25,NO2,22.6,344
Ulhasnagar,Maharashtra,FY2024-25,O3,67.6,344
Ulhasnagar,Maharashtra,FY2024-25,PM10,100.9,344
Ulhasnagar,Maharashtra,FY2024-25,PM2.5,47.211,344
Ulhasnagar,Maharashtra,FY2025-26,CO,0.8,358
Ulhasnagar,Maharashtra,FY2025-26,NO2,25.4,358
Ulhasnagar,Maharashtra,FY2025-26,O3,55.0,358
Ulhasnagar,Maharashtra,FY2025-26,PM10,101.5,358
Ulhasnagar,Maharashtra,FY2025-26,PM2.5,43.814,358
Vapi,Gujarat,FY2024-25,NO2,9.5,325
Vapi,Gujarat,FY2024-25,O3,4.2,325
Vapi,Gujarat,FY2024-25,PM10,64.3,325
Vapi,Gujarat,FY2024-25,PM2.5,45.359,325
Vapi,Gujarat,FY2025-26,NO2,11.3,315
Vapi,Gujarat,FY2025-26,O3,7.3,315
Vapi,Gujarat,FY2025-26,PM10,102.4,315
Vapi,Gujarat,FY2025-26,PM2.5,41.055,315
Varanasi,Uttar Pradesh,FY2024-25,CO,0.7,364
Varanasi,Uttar Pradesh,FY2024-25,NO2,10.3,364
Varanasi,Uttar Pradesh,FY2024-25,O3,14.4,364
Varanasi,Uttar Pradesh,FY2024-25,PM10,53.8,364
Varanasi,Uttar Pradesh,FY2024-25,PM2.5,23.671,364
Varanasi,Uttar Pradesh,FY2025-26,CO,0.4,365
Varanasi,Uttar Pradesh,FY2025-26,NO2,11.8,365
Varanasi,Uttar Pradesh,FY2025-26,O3,14.1,365
Varanasi,Uttar Pradesh,FY2025-26,PM10,73.5,365
Varanasi,Uttar Pradesh,FY2025-26,PM2.5,31.025,365
Vatva,Gujarat,FY2024-25,CO,1.0,349
Vatva,Gujarat,FY2024-25,NO2,34.5,349
Vatva,Gujarat,FY2024-25,O3,25.6,349
Vatva,Gujarat,FY2024-25,PM10,98.0,349
Vatva,Gujarat,FY2024-25,PM2.5,33.172,349
Vatva,Gujarat,FY2025-26,CO,0.5,337
Vatva,Gujarat,FY2025-26,NO2,30.9,337
Vatva,Gujarat,FY2025-26,O3,30.5,337
Vatva,Gujarat,FY2025-26,PM10,101.6,337
Vatva,Gujarat,FY2025-26,PM2.5,49.043,337
Vijayapura,Karnataka,FY2024-25,CO,1.8,306
Vijayapura,Karnataka,FY2024-25,NO2,12.2,306
Vijayapura,Karnataka,FY2024-25,O3,15.3,306
Vijayapura,Karnataka,FY2024-25,PM10,41.5,306
Vijayapura,Karnataka,FY2024-25,PM2.5,18.508,306
Vijayapura,Karnataka,FY2025-26,CO,0.8,257
Vijayapura,Karnataka,FY2025-26,NO2,7.8,257
Vijayapura,Karnataka,FY2025-26,O3,16.0,257
Vijayapura,Karnataka,FY2025-26,PM10,48.7,257
Vijayapura,Karnataka,FY2025-26,PM2.5,20.503,257
Vijayawada,Andhra Pradesh,FY2024-25,CO,0.9,339
Vijayawada,Andhra Pradesh,FY2024-25,NO2,19.7,339
Vijayawada,Andhra Pradesh,FY2024-25,O3,36.1,339
Vijayawada,Andhra Pradesh,FY2024-25,PM10,60.8,339
Vijayawada,Andhra Pradesh,FY2024-25,PM2.5,34.09,339
Vijayawada,Andhra Pradesh,FY2025-26,CO,1.0,348
Vijayawada,Andhra Pradesh,FY2025-26,NO2,20.9,348
Vijayawada,Andhra Pradesh,FY2025-26,O3,37.6,348
Vijayawada,Andhra Pradesh,FY2025-26,PM10,64.9,348
Vijayawada,Andhra Pradesh,FY2025-26,PM2.5,40.395,348
Virar,Maharashtra,FY2024-25,CO,1.1,343
Virar,Maharashtra,FY2024-25,NO2,20.2,343
Virar,Maharashtra,FY2024-25,O3,62.6,343
Virar,Maharashtra,FY2024-25,PM10,90.5,343
Virar,Maharashtra,FY2024-25,PM2.5,42.556,343
Virar,Maharashtra,FY2025-26,CO,1.2,344
Virar,Maharashtra,FY2025-26,NO2,20.5,344
Virar,Maharashtra,FY2025-26,O3,42.9,344
Virar,Maharashtra,FY2025-26,PM10,72.9,344
Virar,Maharashtra,FY2025-26,PM2.5,31.533,344
Visakhapatnam,Andhra Pradesh,FY2024-25,CO,0.9,344
Visakhapatnam,Andhra Pradesh,FY2024-25,NO2,39.5,344
Visakhapatnam,Andhra Pradesh,FY2024-25,O3,23.5,344
Visakhapatnam,Andhra Pradesh,FY2024-25,PM10,109.8,344
Visakhapatnam,Andhra Pradesh,FY2024-25,PM2.5,45.016,344
Visakhapatnam,Andhra Pradesh,FY2025-26,CO,0.9,346
Visakhapatnam,Andhra Pradesh,FY2025-26,NO2,45.0,346
Visakhapatnam,Andhra Pradesh,FY2025-26,O3,48.3,346
Visakhapatnam,Andhra Pradesh,FY2025-26,PM10,132.1,346
Visakhapatnam,Andhra Pradesh,FY2025-26,PM2.5,52.625,346
Vrindavan,Uttar Pradesh,FY2024-25,CO,1.1,343
Vrindavan,Uttar Pradesh,FY2024-25,NO2,8.7,343
Vrindavan,Uttar Pradesh,FY2024-25,O3,18.9,343
Vrindavan,Uttar Pradesh,FY2024-25,PM10,117.5,343
Vrindavan,Uttar Pradesh,FY2024-25,PM2.5,21.909,343
Vrindavan,Uttar Pradesh,FY2025-26,CO,0.9,351
Vrindavan,Uttar Pradesh,FY2025-26,NO2,12.3,351
Vrindavan,Uttar Pradesh,FY2025-26,O3,16.0,351
Vrindavan,Uttar Pradesh,FY2025-26,PM10,80.3,351
Vrindavan,Uttar Pradesh,FY2025-26,PM2.5,28.128,351
Yadgir,Karnataka,FY2024-25,CO,0.4,312
Yadgir,Karnataka,FY2024-25,NO2,10.9,312
Yadgir,Karnataka,FY2024-25,O3,19.2,312
Yadgir,Karnataka,FY2024-25,PM10,63.9,312
Yadgir,Karnataka,FY2024-25,PM2.5,33.192,312
Yadgir,Karnataka,FY2025-26,CO,0.4,327
Yadgir,Karnataka,FY2025-26,NO2,23.4,327
Yadgir,Karnataka,FY2025-26,O3,18.9,327
Yadgir,Karnataka,FY2025-26,PM10,60.0,327
Yadgir,Karnataka,FY2025-26,PM2.5,29.072,327
